treatment,value,value_log,value_std,value_sqrt,plot_name,plot_type,year,grazer,f_year,f_break,f_new,f_one_yr,f_two_yr,met_sub
Ungrazed,66,4.189654757,0.476888113,8.124038405,p01,p,2019,Goat,y4,b0,n1,o0,t0,abun_non
Grazed,121,4.795790554,2.206045425,11,p01,p,2019,Goat,y4,b0,n1,o0,t0,abun_non
Ungrazed,35,3.55534809,-0.497727827,5.916079783,p01,p,2021,Sheep,y6,b2,n0,o0,t1,abun_non
Grazed,59,4.077537461,0.256813546,7.681145748,p01,p,2021,Sheep,y6,b2,n0,o0,t1,abun_non
Ungrazed,49,3.891820319,-0.057578693,7,p01,p,2022,Sheep,y7,b1,n0,o1,t0,abun_non
Grazed,45,3.806662512,-0.183335588,6.708203932,p01,p,2022,Sheep,y7,b1,n0,o1,t0,abun_non
Ungrazed,85,4.442651268,1.074233366,9.219544457,p02,p,2019,Goat,y4,b0,n1,o0,t0,abun_non
Grazed,108,4.682131236,1.797335515,10.39230485,p02,p,2019,Goat,y4,b0,n1,o0,t0,abun_non
Ungrazed,33,3.496507592,-0.560606275,5.744562647,p02,p,2021,Sheep,y6,b2,n0,o0,t1,abun_non
Grazed,36,3.583518966,-0.466288603,6,p02,p,2021,Sheep,y6,b2,n0,o0,t1,abun_non
Ungrazed,57,4.043051285,0.193935098,7.549834435,p02,p,2022,Sheep,y7,b1,n0,o1,t0,abun_non
Grazed,76,4.330733353,0.791280351,8.717797887,p02,p,2022,Sheep,y7,b1,n0,o1,t0,abun_non
Ungrazed,71,4.262679891,0.634084232,8.426149773,p03,p,2019,Goat,y4,b0,n1,o0,t0,abun_non
Grazed,38,3.637586186,-0.403410155,6.164414003,p03,p,2019,Goat,y4,b0,n1,o0,t0,abun_non
Ungrazed,9,2.197224688,-1.315147647,3,p03,p,2021,Sheep,y6,b2,n0,o0,t1,abun_non
Grazed,7,1.945910292,-1.378026095,2.645751311,p03,p,2021,Sheep,y6,b2,n0,o0,t1,abun_non
Ungrazed,23,3.135494259,-0.874998513,4.795831523,p03,p,2022,Sheep,y7,b1,n0,o1,t0,abun_non
Grazed,7,1.945910292,-1.378026095,2.645751311,p03,p,2022,Sheep,y7,b1,n0,o1,t0,abun_non
Ungrazed,86,4.454347308,1.10567259,9.273618495,p04,p,2019,Goat,y4,b0,n1,o0,t0,abun_non
Grazed,77,4.343805435,0.822719575,8.774964387,p04,p,2019,Goat,y4,b0,n1,o0,t0,abun_non
Ungrazed,73,4.290459455,0.69696268,8.544003745,p04,p,2021,Sheep,y6,b2,n0,o0,t1,abun_non
Grazed,44,3.784189657,-0.214774812,6.633249581,p04,p,2021,Sheep,y6,b2,n0,o0,t1,abun_non
Ungrazed,82,4.406719259,0.979915695,9.055385138,p04,p,2022,Sheep,y7,b1,n0,o1,t0,abun_non
Grazed,64,4.158883099,0.414009665,8,p04,p,2022,Sheep,y7,b1,n0,o1,t0,abun_non
Ungrazed,51,3.931825652,0.005299755,7.141428429,p05,p,2019,Goat,y4,b0,n1,o0,t0,abun_non
Grazed,92,4.521788588,1.294307933,9.591663047,p05,p,2019,Goat,y4,b0,n1,o0,t0,abun_non
Ungrazed,48,3.871201032,-0.089017917,6.92820323,p05,p,2021,Sheep,y6,b2,n0,o0,t1,abun_non
Grazed,32,3.465735934,-0.592045499,5.656854249,p05,p,2021,Sheep,y6,b2,n0,o0,t1,abun_non
Ungrazed,50,3.912023025,-0.026139469,7.071067812,p05,p,2022,Sheep,y7,b1,n0,o1,t0,abun_non
Grazed,41,3.713572091,-0.309092484,6.403124237,p05,p,2022,Sheep,y7,b1,n0,o1,t0,abun_non
Ungrazed,45,3.806662512,-0.183335588,6.708203932,p06,p,2019,Goat,y4,b0,n1,o0,t0,abun_non
Grazed,85,4.442651268,1.074233366,9.219544457,p06,p,2019,Goat,y4,b0,n1,o0,t0,abun_non
Ungrazed,50,3.912023025,-0.026139469,7.071067812,p06,p,2021,Sheep,y6,b2,n0,o0,t1,abun_non
Grazed,71,4.262679891,0.634084232,8.426149773,p06,p,2021,Sheep,y6,b2,n0,o0,t1,abun_non
Ungrazed,70,4.248495256,0.602645008,8.366600265,p06,p,2022,Sheep,y7,b1,n0,o1,t0,abun_non
Grazed,77,4.343805435,0.822719575,8.774964387,p06,p,2022,Sheep,y7,b1,n0,o1,t0,abun_non
Ungrazed,63,4.143134742,0.382570441,7.937253933,p07,p,2019,Goat,y4,b0,n1,o0,t0,abun_non
Grazed,91,4.510859518,1.262868709,9.539392014,p07,p,2019,Goat,y4,b0,n1,o0,t0,abun_non
Ungrazed,34,3.526360554,-0.529167051,5.830951895,p07,p,2021,Sheep,y6,b2,n0,o0,t1,abun_non
Grazed,33,3.496507592,-0.560606275,5.744562647,p07,p,2021,Sheep,y6,b2,n0,o0,t1,abun_non
Ungrazed,64,4.158883099,0.414009665,8,p07,p,2022,Sheep,y7,b1,n0,o1,t0,abun_non
Grazed,53,3.970291932,0.068178203,7.280109889,p07,p,2022,Sheep,y7,b1,n0,o1,t0,abun_non
Ungrazed,98,4.584967489,1.482943276,9.899494937,p08,p,2019,Goat,y4,b0,n1,o0,t0,abun_non
Grazed,98,4.584967489,1.482943276,9.899494937,p08,p,2019,Goat,y4,b0,n1,o0,t0,abun_non
Ungrazed,69,4.234106519,0.571205784,8.306623863,p08,p,2021,Sheep,y6,b2,n0,o0,t1,abun_non
Grazed,71,4.262679891,0.634084232,8.426149773,p08,p,2021,Sheep,y6,b2,n0,o0,t1,abun_non
Ungrazed,77,4.343805435,0.822719575,8.774964387,p08,p,2022,Sheep,y7,b1,n0,o1,t0,abun_non
Grazed,88,4.477336826,1.168551038,9.38083152,p08,p,2022,Sheep,y7,b1,n0,o1,t0,abun_non
Ungrazed,29,3.367295864,-0.68636317,5.385164807,p09,p,2019,Goat,y4,b0,n1,o0,t0,abun_non
Grazed,91,4.510859518,1.262868709,9.539392014,p09,p,2019,Goat,y4,b0,n1,o0,t0,abun_non
Ungrazed,27,3.295836903,-0.749241618,5.196152423,p09,p,2021,Sheep,y6,b2,n0,o0,t1,abun_non
Grazed,43,3.761200139,-0.246214036,6.557438524,p09,p,2021,Sheep,y6,b2,n0,o0,t1,abun_non
Ungrazed,70,4.248495256,0.602645008,8.366600265,p09,p,2022,Sheep,y7,b1,n0,o1,t0,abun_non
Grazed,66,4.189654757,0.476888113,8.124038405,p09,p,2022,Sheep,y7,b1,n0,o1,t0,abun_non
Ungrazed,107,4.672828844,1.765896291,10.34408043,p10,p,2019,Goat,y4,b0,n1,o0,t0,abun_non
Grazed,88,4.477336826,1.168551038,9.38083152,p10,p,2019,Goat,y4,b0,n1,o0,t0,abun_non
Ungrazed,52,3.951243738,0.036738979,7.211102551,p10,p,2021,Sheep,y6,b2,n0,o0,t1,abun_non
Grazed,37,3.61091794,-0.434849379,6.08276253,p10,p,2021,Sheep,y6,b2,n0,o0,t1,abun_non
Ungrazed,70,4.248495256,0.602645008,8.366600265,p10,p,2022,Sheep,y7,b1,n0,o1,t0,abun_non
Grazed,45,3.806662512,-0.183335588,6.708203932,p10,p,2022,Sheep,y7,b1,n0,o1,t0,abun_non
Ungrazed,62,4.127134401,0.351131217,7.874007874,p11,p,2019,Goat,y4,b0,n1,o0,t0,abun_non
Grazed,93,4.532599504,1.325747157,9.643650761,p11,p,2019,Goat,y4,b0,n1,o0,t0,abun_non
Ungrazed,29,3.367295864,-0.68636317,5.385164807,p11,p,2021,Sheep,y6,b2,n0,o0,t1,abun_non
Grazed,66,4.189654757,0.476888113,8.124038405,p11,p,2021,Sheep,y6,b2,n0,o0,t1,abun_non
Ungrazed,55,4.007333203,0.13105665,7.416198487,p11,p,2022,Sheep,y7,b1,n0,o1,t0,abun_non
Grazed,80,4.382026647,0.917037247,8.94427191,p11,p,2022,Sheep,y7,b1,n0,o1,t0,abun_non
Ungrazed,92,4.521788588,1.294307933,9.591663047,p12,p,2019,Goat,y4,b0,n1,o0,t0,abun_non
Grazed,91,4.510859518,1.262868709,9.539392014,p12,p,2019,Goat,y4,b0,n1,o0,t0,abun_non
Ungrazed,11,2.397895364,-1.2522692,3.31662479,p12,p,2021,Sheep,y6,b2,n0,o0,t1,abun_non
Grazed,22,3.091042499,-0.906437737,4.69041576,p12,p,2021,Sheep,y6,b2,n0,o0,t1,abun_non
Ungrazed,47,3.850147623,-0.120457141,6.8556546,p12,p,2022,Sheep,y7,b1,n0,o1,t0,abun_non
Grazed,25,3.218875865,-0.812120066,5,p12,p,2022,Sheep,y7,b1,n0,o1,t0,abun_non
Ungrazed,86,4.454347308,1.10567259,9.273618495,p13,p,2019,Goat,y4,b0,n1,o0,t0,abun_non
Grazed,155,5.043425123,3.274979037,12.4498996,p13,p,2019,Goat,y4,b0,n1,o0,t0,abun_non
Ungrazed,24,3.178053872,-0.843559289,4.898979486,p13,p,2021,Sheep,y6,b2,n0,o0,t1,abun_non
Grazed,42,3.737669642,-0.27765326,6.480740698,p13,p,2021,Sheep,y6,b2,n0,o0,t1,abun_non
Ungrazed,36,3.583518966,-0.466288603,6,p13,p,2022,Sheep,y7,b1,n0,o1,t0,abun_non
Grazed,5,1.609438112,-1.440904543,2.236067977,p13,p,2022,Sheep,y7,b1,n0,o1,t0,abun_non
Ungrazed,131,4.875197331,2.520437664,11.44552314,p14,p,2019,Goat,y4,b0,n1,o0,t0,abun_non
Grazed,121,4.795790554,2.206045425,11,p14,p,2019,Goat,y4,b0,n1,o0,t0,abun_non
Ungrazed,59,4.077537461,0.256813546,7.681145748,p14,p,2021,Sheep,y6,b2,n0,o0,t1,abun_non
Grazed,80,4.382026647,0.917037247,8.94427191,p14,p,2021,Sheep,y6,b2,n0,o0,t1,abun_non
Ungrazed,86,4.454347308,1.10567259,9.273618495,p14,p,2022,Sheep,y7,b1,n0,o1,t0,abun_non
Grazed,84,4.430816811,1.042794142,9.16515139,p14,p,2022,Sheep,y7,b1,n0,o1,t0,abun_non
Ungrazed,56,4.025351709,0.162495874,7.483314774,p15,p,2019,Goat,y4,b0,n1,o0,t0,abun_non
Grazed,51,3.931825652,0.005299755,7.141428429,p15,p,2019,Goat,y4,b0,n1,o0,t0,abun_non
Ungrazed,19,2.944439032,-1.000755409,4.358898944,p15,p,2021,Sheep,y6,b2,n0,o0,t1,abun_non
Grazed,25,3.218875865,-0.812120066,5,p15,p,2021,Sheep,y6,b2,n0,o0,t1,abun_non
Ungrazed,14,2.639057401,-1.157951528,3.741657387,p15,p,2022,Sheep,y7,b1,n0,o1,t0,abun_non
Grazed,7,1.945910292,-1.378026095,2.645751311,p15,p,2022,Sheep,y7,b1,n0,o1,t0,abun_non
Ungrazed,110,4.700480375,1.860213963,10.48808848,p16,p,2019,Goat,y4,b0,n1,o0,t0,abun_non
Grazed,100,4.605170196,1.545821724,10,p16,p,2019,Goat,y4,b0,n1,o0,t0,abun_non
Ungrazed,68,4.21950772,0.539766561,8.246211251,p16,p,2021,Sheep,y6,b2,n0,o0,t1,abun_non
Grazed,59,4.077537461,0.256813546,7.681145748,p16,p,2021,Sheep,y6,b2,n0,o0,t1,abun_non
Ungrazed,43,3.761200139,-0.246214036,6.557438524,p16,p,2022,Sheep,y7,b1,n0,o1,t0,abun_non
Grazed,9,2.197224688,-1.315147647,3,p16,p,2022,Sheep,y7,b1,n0,o1,t0,abun_non
Ungrazed,74,4.304065107,0.728401904,8.602325267,p17,p,2019,Goat,y4,b0,n1,o0,t0,abun_non
Grazed,83,4.41884062,1.011354919,9.110433579,p17,p,2019,Goat,y4,b0,n1,o0,t0,abun_non
Ungrazed,67,4.204692634,0.508327337,8.185352772,p17,p,2021,Sheep,y6,b2,n0,o0,t1,abun_non
Grazed,57,4.043051285,0.193935098,7.549834435,p17,p,2021,Sheep,y6,b2,n0,o0,t1,abun_non
Ungrazed,75,4.317488127,0.759841128,8.660254038,p17,p,2022,Sheep,y7,b1,n0,o1,t0,abun_non
Grazed,51,3.931825652,0.005299755,7.141428429,p17,p,2022,Sheep,y7,b1,n0,o1,t0,abun_non
Ungrazed,109,4.691347891,1.828774739,10.44030651,p18,p,2019,Goat,y4,b0,n1,o0,t0,abun_non
Grazed,95,4.553876902,1.388625605,9.746794345,p18,p,2019,Goat,y4,b0,n1,o0,t0,abun_non
Ungrazed,68,4.21950772,0.539766561,8.246211251,p18,p,2021,Sheep,y6,b2,n0,o0,t1,abun_non
Grazed,22,3.091042499,-0.906437737,4.69041576,p18,p,2021,Sheep,y6,b2,n0,o0,t1,abun_non
Ungrazed,78,4.35670884,0.854158799,8.831760866,p18,p,2022,Sheep,y7,b1,n0,o1,t0,abun_non
Grazed,7,1.945910292,-1.378026095,2.645751311,p18,p,2022,Sheep,y7,b1,n0,o1,t0,abun_non
Ungrazed,101,4.615120527,1.577260948,10.04987562,p19,p,2019,Goat,y4,b0,n1,o0,t0,abun_non
Grazed,83,4.41884062,1.011354919,9.110433579,p19,p,2019,Goat,y4,b0,n1,o0,t0,abun_non
Ungrazed,74,4.304065107,0.728401904,8.602325267,p19,p,2021,Sheep,y6,b2,n0,o0,t1,abun_non
Grazed,50,3.912023025,-0.026139469,7.071067812,p19,p,2021,Sheep,y6,b2,n0,o0,t1,abun_non
Ungrazed,85,4.442651268,1.074233366,9.219544457,p19,p,2022,Sheep,y7,b1,n0,o1,t0,abun_non
Grazed,84,4.430816811,1.042794142,9.16515139,p19,p,2022,Sheep,y7,b1,n0,o1,t0,abun_non
Ungrazed,109,4.691347891,1.828774739,10.44030651,p20,p,2019,Goat,y4,b0,n1,o0,t0,abun_non
Grazed,85,4.442651268,1.074233366,9.219544457,p20,p,2019,Goat,y4,b0,n1,o0,t0,abun_non
Ungrazed,69,4.234106519,0.571205784,8.306623863,p20,p,2021,Sheep,y6,b2,n0,o0,t1,abun_non
Grazed,35,3.55534809,-0.497727827,5.916079783,p20,p,2021,Sheep,y6,b2,n0,o0,t1,abun_non
Ungrazed,88,4.477336826,1.168551038,9.38083152,p20,p,2022,Sheep,y7,b1,n0,o1,t0,abun_non
Grazed,37,3.61091794,-0.434849379,6.08276253,p20,p,2022,Sheep,y7,b1,n0,o1,t0,abun_non
Ungrazed,148,4.997212281,3.05490447,12.16552506,p21,p,2019,Goat,y4,b0,n1,o0,t0,abun_non
Grazed,119,4.779123502,2.143166978,10.90871211,p21,p,2019,Goat,y4,b0,n1,o0,t0,abun_non
Ungrazed,63,4.143134742,0.382570441,7.937253933,p21,p,2021,Sheep,y6,b2,n0,o0,t1,abun_non
Grazed,52,3.951243738,0.036738979,7.211102551,p21,p,2021,Sheep,y6,b2,n0,o0,t1,abun_non
Ungrazed,70,4.248495256,0.602645008,8.366600265,p21,p,2022,Sheep,y7,b1,n0,o1,t0,abun_non
Grazed,86,4.454347308,1.10567259,9.273618495,p21,p,2022,Sheep,y7,b1,n0,o1,t0,abun_non
Ungrazed,45,3.806662512,-0.183335588,6.708203932,p22,p,2019,Goat,y4,b0,n1,o0,t0,abun_non
Grazed,49,3.891820319,-0.057578693,7,p22,p,2019,Goat,y4,b0,n1,o0,t0,abun_non
Ungrazed,20,2.995732324,-0.969316185,4.472135955,p22,p,2021,Sheep,y6,b2,n0,o0,t1,abun_non
Grazed,25,3.218875865,-0.812120066,5,p22,p,2021,Sheep,y6,b2,n0,o0,t1,abun_non
Ungrazed,30,3.401197415,-0.654923946,5.477225575,p22,p,2022,Sheep,y7,b1,n0,o1,t0,abun_non
Grazed,56,4.025351709,0.162495874,7.483314774,p22,p,2022,Sheep,y7,b1,n0,o1,t0,abun_non
Ungrazed,66,4.189654757,0.476888113,8.124038405,p23,p,2019,Goat,y4,b0,n1,o0,t0,abun_non
Grazed,36,3.583518966,-0.466288603,6,p23,p,2019,Goat,y4,b0,n1,o0,t0,abun_non
Ungrazed,49,3.891820319,-0.057578693,7,p23,p,2021,Sheep,y6,b2,n0,o0,t1,abun_non
Grazed,29,3.367295864,-0.68636317,5.385164807,p23,p,2021,Sheep,y6,b2,n0,o0,t1,abun_non
Ungrazed,72,4.276666133,0.665523456,8.485281374,p23,p,2022,Sheep,y7,b1,n0,o1,t0,abun_non
Grazed,42,3.737669642,-0.27765326,6.480740698,p23,p,2022,Sheep,y7,b1,n0,o1,t0,abun_non
Ungrazed,96,4.564348202,1.420064829,9.797958971,p27,p,2019,Goat,y4,b0,n1,o0,t0,abun_non
Grazed,135,4.905274786,2.646194559,11.61895004,p27,p,2019,Goat,y4,b0,n1,o0,t0,abun_non
Ungrazed,93,4.532599504,1.325747157,9.643650761,p27,p,2021,Sheep,y6,b2,n0,o0,t1,abun_non
Grazed,93,4.532599504,1.325747157,9.643650761,p27,p,2021,Sheep,y6,b2,n0,o0,t1,abun_non
Ungrazed,76,4.330733353,0.791280351,8.717797887,p28,p,2019,Goat,y4,b0,n1,o0,t0,abun_non
Grazed,121,4.795790554,2.206045425,11,p28,p,2019,Goat,y4,b0,n1,o0,t0,abun_non
Ungrazed,18,2.890371813,-1.032194633,4.242640687,p28,p,2021,Sheep,y6,b2,n0,o0,t1,abun_non
Grazed,73,4.290459455,0.69696268,8.544003745,p28,p,2021,Sheep,y6,b2,n0,o0,t1,abun_non
Ungrazed,31,3.433987237,-0.623484722,5.567764363,p28,p,2022,Sheep,y7,b1,n0,o1,t0,abun_non
Grazed,77,4.343805435,0.822719575,8.774964387,p28,p,2022,Sheep,y7,b1,n0,o1,t0,abun_non
Ungrazed,88,4.477336826,1.168551038,9.38083152,p29,p,2019,Goat,y4,b0,n1,o0,t0,abun_non
Grazed,129,4.859812412,2.457559216,11.35781669,p29,p,2019,Goat,y4,b0,n1,o0,t0,abun_non
Ungrazed,31,3.433987237,-0.623484722,5.567764363,p29,p,2021,Sheep,y6,b2,n0,o0,t1,abun_non
Grazed,27,3.295836903,-0.749241618,5.196152423,p29,p,2021,Sheep,y6,b2,n0,o0,t1,abun_non
Ungrazed,22,3.091042499,-0.906437737,4.69041576,p29,p,2022,Sheep,y7,b1,n0,o1,t0,abun_non
Grazed,24,3.178053872,-0.843559289,4.898979486,p29,p,2022,Sheep,y7,b1,n0,o1,t0,abun_non
Ungrazed,35,3.55534809,-0.497727827,5.916079783,p30,p,2019,Goat,y4,b0,n1,o0,t0,abun_non
Grazed,101,4.615120527,1.577260948,10.04987562,p30,p,2019,Goat,y4,b0,n1,o0,t0,abun_non
Ungrazed,52,3.951243738,0.036738979,7.211102551,p30,p,2021,Sheep,y6,b2,n0,o0,t1,abun_non
Grazed,81,4.394449167,0.948476471,9,p30,p,2021,Sheep,y6,b2,n0,o0,t1,abun_non
Ungrazed,42,3.737669642,-0.27765326,6.480740698,p30,p,2022,Sheep,y7,b1,n0,o1,t0,abun_non
Grazed,80,4.382026647,0.917037247,8.94427191,p30,p,2022,Sheep,y7,b1,n0,o1,t0,abun_non
Ungrazed,104,4.644390909,1.67157862,10.19803903,p31,p,2019,Goat,y4,b0,n1,o0,t0,abun_non
Grazed,142,4.955827065,2.866269126,11.91637529,p31,p,2019,Goat,y4,b0,n1,o0,t0,abun_non
Ungrazed,31,3.433987237,-0.623484722,5.567764363,p31,p,2022,Sheep,y7,b2,n0,o0,t1,abun_non
Grazed,70,4.248495256,0.602645008,8.366600265,p31,p,2022,Sheep,y7,b2,n0,o0,t1,abun_non
Ungrazed,80,4.382026647,0.917037247,8.94427191,p32,p,2020,Sheep,y5,b0,n1,o0,t0,abun_non
Grazed,75,4.317488127,0.759841128,8.660254038,p32,p,2020,Sheep,y5,b0,n1,o0,t0,abun_non
Ungrazed,36,3.583518966,-0.466288603,6,p32,p,2021,Sheep,y6,b1,n0,o1,t0,abun_non
Grazed,29,3.367295864,-0.68636317,5.385164807,p32,p,2021,Sheep,y6,b1,n0,o1,t0,abun_non
Ungrazed,37,3.61091794,-0.434849379,6.08276253,p32,p,2022,Sheep,y7,b1,n0,o1,t0,abun_non
Grazed,52,3.951243738,0.036738979,7.211102551,p32,p,2022,Sheep,y7,b1,n0,o1,t0,abun_non
Ungrazed,58,4.060443028,0.225374322,7.615773106,p33,p,2020,Sheep,y5,b0,n1,o0,t0,abun_non
Grazed,67,4.204692634,0.508327337,8.185352772,p33,p,2020,Sheep,y5,b0,n1,o0,t0,abun_non
Ungrazed,32,3.465735934,-0.592045499,5.656854249,p33,p,2021,Sheep,y6,b1,n0,o1,t0,abun_non
Grazed,54,3.988984065,0.099617426,7.348469228,p33,p,2021,Sheep,y6,b1,n0,o1,t0,abun_non
Ungrazed,19,2.944439032,-1.000755409,4.358898944,p33,p,2022,Sheep,y7,b1,n0,o1,t0,abun_non
Grazed,46,3.828641418,-0.151896364,6.782329983,p33,p,2022,Sheep,y7,b1,n0,o1,t0,abun_non
Ungrazed,84,4.430816811,1.042794142,9.16515139,p34,p,2020,Sheep,y5,b0,n1,o0,t0,abun_non
Grazed,85,4.442651268,1.074233366,9.219544457,p34,p,2020,Sheep,y5,b0,n1,o0,t0,abun_non
Ungrazed,24,3.178053872,-0.843559289,4.898979486,p34,p,2021,Sheep,y6,b1,n0,o1,t0,abun_non
Grazed,60,4.094344579,0.28825277,7.745966692,p34,p,2021,Sheep,y6,b1,n0,o1,t0,abun_non
Ungrazed,57,4.043051285,0.193935098,7.549834435,p34,p,2022,Sheep,y7,b1,n0,o1,t0,abun_non
Grazed,72,4.276666133,0.665523456,8.485281374,p34,p,2022,Sheep,y7,b1,n0,o1,t0,abun_non
Ungrazed,66,4.189654757,0.476888113,8.124038405,p35,p,2020,Sheep,y5,b0,n1,o0,t0,abun_non
Grazed,55,4.007333203,0.13105665,7.416198487,p35,p,2020,Sheep,y5,b0,n1,o0,t0,abun_non
Ungrazed,29,3.367295864,-0.68636317,5.385164807,p35,p,2021,Sheep,y6,b1,n0,o1,t0,abun_non
Grazed,9,2.197224688,-1.315147647,3,p35,p,2021,Sheep,y6,b1,n0,o1,t0,abun_non
Ungrazed,27,3.295836903,-0.749241618,5.196152423,p35,p,2022,Sheep,y7,b1,n0,o1,t0,abun_non
Grazed,77,4.343805435,0.822719575,8.774964387,p35,p,2022,Sheep,y7,b1,n0,o1,t0,abun_non
Ungrazed,97,4.574710989,1.451504053,9.848857802,p36,p,2020,Sheep,y5,b0,n1,o0,t0,abun_non
Grazed,70,4.248495256,0.602645008,8.366600265,p36,p,2020,Sheep,y5,b0,n1,o0,t0,abun_non
Ungrazed,12,2.484906733,-1.220829976,3.464101615,p36,p,2021,Sheep,y6,b1,n0,o1,t0,abun_non
Grazed,23,3.135494259,-0.874998513,4.795831523,p36,p,2021,Sheep,y6,b1,n0,o1,t0,abun_non
Ungrazed,10,2.302585193,-1.283708424,3.16227766,p36,p,2022,Sheep,y7,b1,n0,o1,t0,abun_non
Grazed,4,1.386294611,-1.472343767,2,p36,p,2022,Sheep,y7,b1,n0,o1,t0,abun_non
Ungrazed,61,4.110873881,0.319691994,7.810249676,p37,p,2020,Sheep,y5,b0,n1,o0,t0,abun_non
Grazed,65,4.174387285,0.445448889,8.062257748,p37,p,2020,Sheep,y5,b0,n1,o0,t0,abun_non
Ungrazed,23,3.135494259,-0.874998513,4.795831523,p37,p,2021,Sheep,y6,b1,n0,o1,t0,abun_non
Grazed,14,2.639057401,-1.157951528,3.741657387,p37,p,2021,Sheep,y6,b1,n0,o1,t0,abun_non
Ungrazed,22,3.091042499,-0.906437737,4.69041576,p37,p,2022,Sheep,y7,b1,n0,o1,t0,abun_non
Grazed,25,3.218875865,-0.812120066,5,p37,p,2022,Sheep,y7,b1,n0,o1,t0,abun_non
Ungrazed,31,3.433987237,-0.623484722,5.567764363,p38,p,2020,Sheep,y5,b0,n1,o0,t0,abun_non
Grazed,59,4.077537461,0.256813546,7.681145748,p38,p,2020,Sheep,y5,b0,n1,o0,t0,abun_non
Ungrazed,44,3.784189657,-0.214774812,6.633249581,p38,p,2021,Sheep,y6,b1,n0,o1,t0,abun_non
Grazed,46,3.828641418,-0.151896364,6.782329983,p38,p,2021,Sheep,y6,b1,n0,o1,t0,abun_non
Ungrazed,31,3.433987237,-0.623484722,5.567764363,p38,p,2022,Sheep,y7,b1,n0,o1,t0,abun_non
Grazed,40,3.688879479,-0.340531708,6.32455532,p38,p,2022,Sheep,y7,b1,n0,o1,t0,abun_non
Ungrazed,15,2.708050268,-1.126512304,3.872983346,p39,p,2020,Sheep,y5,b0,n1,o0,t0,abun_non
Grazed,13,2.564949434,-1.189390752,3.605551275,p39,p,2020,Sheep,y5,b0,n1,o0,t0,abun_non
Ungrazed,11,2.397895364,-1.2522692,3.31662479,p39,p,2021,Sheep,y6,b1,n0,o1,t0,abun_non
Grazed,14,2.639057401,-1.157951528,3.741657387,p39,p,2021,Sheep,y6,b1,n0,o1,t0,abun_non
Ungrazed,11,2.397895364,-1.2522692,3.31662479,p39,p,2022,Sheep,y7,b1,n0,o1,t0,abun_non
Grazed,26,3.258096576,-0.780680842,5.099019514,p39,p,2022,Sheep,y7,b1,n0,o1,t0,abun_non
Ungrazed,27,3.295836903,-0.749241618,5.196152423,p40,p,2020,Sheep,y5,b0,n1,o0,t0,abun_non
Grazed,12,2.484906733,-1.220829976,3.464101615,p40,p,2020,Sheep,y5,b0,n1,o0,t0,abun_non
Ungrazed,20,2.995732324,-0.969316185,4.472135955,p40,p,2021,Sheep,y6,b1,n0,o1,t0,abun_non
Grazed,14,2.639057401,-1.157951528,3.741657387,p40,p,2021,Sheep,y6,b1,n0,o1,t0,abun_non
Ungrazed,14,2.639057401,-1.157951528,3.741657387,p40,p,2022,Sheep,y7,b1,n0,o1,t0,abun_non
Grazed,11,2.397895364,-1.2522692,3.31662479,p40,p,2022,Sheep,y7,b1,n0,o1,t0,abun_non
Ungrazed,60,4.094344579,0.28825277,7.745966692,p41,p,2020,Sheep,y5,b0,n1,o0,t0,abun_non
Grazed,45,3.806662512,-0.183335588,6.708203932,p41,p,2020,Sheep,y5,b0,n1,o0,t0,abun_non
Ungrazed,68,4.21950772,0.539766561,8.246211251,p41,p,2021,Sheep,y6,b1,n0,o1,t0,abun_non
Grazed,38,3.637586186,-0.403410155,6.164414003,p41,p,2021,Sheep,y6,b1,n0,o1,t0,abun_non
Ungrazed,21,3.044522485,-0.937876961,4.582575695,p41,p,2022,Sheep,y7,b1,n0,o1,t0,abun_non
Grazed,35,3.55534809,-0.497727827,5.916079783,p41,p,2022,Sheep,y7,b1,n0,o1,t0,abun_non
Ungrazed,50,3.912023025,-0.026139469,7.071067812,p42,p,2020,Sheep,y5,b0,n1,o0,t0,abun_non
Grazed,49,3.891820319,-0.057578693,7,p42,p,2020,Sheep,y5,b0,n1,o0,t0,abun_non
Ungrazed,31,3.433987237,-0.623484722,5.567764363,p42,p,2021,Sheep,y6,b1,n0,o1,t0,abun_non
Grazed,31,3.433987237,-0.623484722,5.567764363,p42,p,2021,Sheep,y6,b1,n0,o1,t0,abun_non
Ungrazed,55,4.007333203,0.13105665,7.416198487,p42,p,2022,Sheep,y7,b1,n0,o1,t0,abun_non
Grazed,53,3.970291932,0.068178203,7.280109889,p42,p,2022,Sheep,y7,b1,n0,o1,t0,abun_non
Ungrazed,21,3.044522485,-0.937876961,4.582575695,p43,p,2020,Sheep,y5,b0,n1,o0,t0,abun_non
Grazed,29,3.367295864,-0.68636317,5.385164807,p43,p,2020,Sheep,y5,b0,n1,o0,t0,abun_non
Ungrazed,4,1.386294611,-1.472343767,2,p43,p,2021,Sheep,y6,b1,n0,o1,t0,abun_non
Grazed,6,1.791759636,-1.409465319,2.449489743,p43,p,2021,Sheep,y6,b1,n0,o1,t0,abun_non
Ungrazed,5,1.609438112,-1.440904543,2.236067977,p43,p,2022,Sheep,y7,b1,n0,o1,t0,abun_non
Grazed,6,1.791759636,-1.409465319,2.449489743,p43,p,2022,Sheep,y7,b1,n0,o1,t0,abun_non
Ungrazed,30,3.401197415,-0.654923946,5.477225575,p44,p,2020,Sheep,y5,b0,n1,o0,t0,abun_non
Grazed,8,2.079441667,-1.346586871,2.828427125,p44,p,2020,Sheep,y5,b0,n1,o0,t0,abun_non
Ungrazed,8,2.079441667,-1.346586871,2.828427125,p44,p,2021,Sheep,y6,b1,n0,o1,t0,abun_non
Grazed,3,1.098612622,-1.503782991,1.732050808,p44,p,2021,Sheep,y6,b1,n0,o1,t0,abun_non
Ungrazed,8,2.079441667,-1.346586871,2.828427125,p44,p,2022,Sheep,y7,b1,n0,o1,t0,abun_non
Grazed,3,1.098612622,-1.503782991,1.732050808,p44,p,2022,Sheep,y7,b1,n0,o1,t0,abun_non
Ungrazed,14,2.639057401,-1.157951528,3.741657387,p45,p,2020,Sheep,y5,b0,n1,o0,t0,abun_non
Grazed,10,2.302585193,-1.283708424,3.16227766,p45,p,2020,Sheep,y5,b0,n1,o0,t0,abun_non
Ungrazed,7,1.945910292,-1.378026095,2.645751311,p45,p,2021,Sheep,y6,b1,n0,o1,t0,abun_non
Grazed,7,1.945910292,-1.378026095,2.645751311,p45,p,2021,Sheep,y6,b1,n0,o1,t0,abun_non
Ungrazed,7,1.945910292,-1.378026095,2.645751311,p45,p,2022,Sheep,y7,b1,n0,o1,t0,abun_non
Grazed,3,1.098612622,-1.503782991,1.732050808,p45,p,2022,Sheep,y7,b1,n0,o1,t0,abun_non
Ungrazed,35,3.55534809,-0.497727827,5.916079783,p46,p,2020,Sheep,y5,b0,n1,o0,t0,abun_non
Grazed,23,3.135494259,-0.874998513,4.795831523,p46,p,2020,Sheep,y5,b0,n1,o0,t0,abun_non
Ungrazed,5,1.609438112,-1.440904543,2.236067977,p46,p,2021,Sheep,y6,b1,n0,o1,t0,abun_non
Grazed,34,3.526360554,-0.529167051,5.830951895,p46,p,2021,Sheep,y6,b1,n0,o1,t0,abun_non
Ungrazed,39,3.663561672,-0.371970931,6.244997998,p46,p,2022,Sheep,y7,b1,n0,o1,t0,abun_non
Grazed,30,3.401197415,-0.654923946,5.477225575,p46,p,2022,Sheep,y7,b1,n0,o1,t0,abun_non
Ungrazed,29,3.367295864,-0.68636317,5.385164807,p47,p,2020,Sheep,y5,b0,n1,o0,t0,abun_non
Grazed,35,3.55534809,-0.497727827,5.916079783,p47,p,2020,Sheep,y5,b0,n1,o0,t0,abun_non
Ungrazed,36,3.583518966,-0.466288603,6,p47,p,2021,Sheep,y6,b1,n0,o1,t0,abun_non
Grazed,21,3.044522485,-0.937876961,4.582575695,p47,p,2021,Sheep,y6,b1,n0,o1,t0,abun_non
Ungrazed,53,3.970291932,0.068178203,7.280109889,p47,p,2022,Sheep,y7,b1,n0,o1,t0,abun_non
Grazed,41,3.713572091,-0.309092484,6.403124237,p47,p,2022,Sheep,y7,b1,n0,o1,t0,abun_non
Ungrazed,45,3.806662512,-0.183335588,6.708203932,p48,p,2020,Sheep,y5,b0,n1,o0,t0,abun_non
Grazed,52,3.951243738,0.036738979,7.211102551,p48,p,2020,Sheep,y5,b0,n1,o0,t0,abun_non
Ungrazed,29,3.367295864,-0.68636317,5.385164807,p48,p,2021,Sheep,y6,b1,n0,o1,t0,abun_non
Grazed,48,3.871201032,-0.089017917,6.92820323,p48,p,2021,Sheep,y6,b1,n0,o1,t0,abun_non
Ungrazed,61,4.110873881,0.319691994,7.810249676,p48,p,2022,Sheep,y7,b1,n0,o1,t0,abun_non
Grazed,18,2.890371813,-1.032194633,4.242640687,p48,p,2022,Sheep,y7,b1,n0,o1,t0,abun_non
Ungrazed,78,4.35670884,0.854158799,8.831760866,425,w,2019,Goat,y4,b2,n0,o0,t1,abun_non
Grazed,105,4.65396036,1.703017843,10.24695077,425,w,2019,Goat,y4,b2,n0,o0,t1,abun_non
Ungrazed,30,3.401197415,-0.654923946,5.477225575,425,w,2021,Sheep,y6,b2,n0,o0,t1,abun_non
Grazed,65,4.174387285,0.445448889,8.062257748,425,w,2021,Sheep,y6,b2,n0,o0,t1,abun_non
Ungrazed,52,3.951243738,0.036738979,7.211102551,425,w,2022,Sheep,y7,b1,n0,o1,t0,abun_non
Grazed,71,4.262679891,0.634084232,8.426149773,425,w,2022,Sheep,y7,b1,n0,o1,t0,abun_non
Ungrazed,70,4.248495256,0.602645008,8.366600265,426,w,2019,Goat,y4,b2,n0,o0,t1,abun_non
Grazed,117,4.762173943,2.08028853,10.81665383,426,w,2019,Goat,y4,b2,n0,o0,t1,abun_non
Ungrazed,14,2.639057401,-1.157951528,3.741657387,426,w,2021,Sheep,y6,b2,n0,o0,t1,abun_non
Grazed,23,3.135494259,-0.874998513,4.795831523,426,w,2021,Sheep,y6,b2,n0,o0,t1,abun_non
Ungrazed,27,3.295836903,-0.749241618,5.196152423,426,w,2022,Sheep,y7,b1,n0,o1,t0,abun_non
Grazed,27,3.295836903,-0.749241618,5.196152423,426,w,2022,Sheep,y7,b1,n0,o1,t0,abun_non
Ungrazed,37,3.61091794,-0.434849379,6.08276253,429,w,2019,Goat,y4,b2,n0,o0,t1,abun_non
Grazed,62,4.127134401,0.351131217,7.874007874,429,w,2019,Goat,y4,b2,n0,o0,t1,abun_non
Ungrazed,38,3.637586186,-0.403410155,6.164414003,429,w,2021,Sheep,y6,b2,n0,o0,t1,abun_non
Grazed,40,3.688879479,-0.340531708,6.32455532,429,w,2021,Sheep,y6,b2,n0,o0,t1,abun_non
Ungrazed,84,4.430816811,1.042794142,9.16515139,429,w,2022,Sheep,y7,b1,n0,o1,t0,abun_non
Grazed,51,3.931825652,0.005299755,7.141428429,429,w,2022,Sheep,y7,b1,n0,o1,t0,abun_non
Ungrazed,58,4.060443028,0.225374322,7.615773106,431,w,2019,Goat,y4,b2,n0,o0,t1,abun_non
Grazed,84,4.430816811,1.042794142,9.16515139,431,w,2019,Goat,y4,b2,n0,o0,t1,abun_non
Ungrazed,63,4.143134742,0.382570441,7.937253933,431,w,2021,Sheep,y6,b2,n0,o0,t1,abun_non
Grazed,30,3.401197415,-0.654923946,5.477225575,431,w,2021,Sheep,y6,b2,n0,o0,t1,abun_non
Ungrazed,40,3.688879479,-0.340531708,6.32455532,431,w,2022,Sheep,y7,b1,n0,o1,t0,abun_non
Grazed,42,3.737669642,-0.27765326,6.480740698,431,w,2022,Sheep,y7,b1,n0,o1,t0,abun_non
Ungrazed,77,4.343805435,0.822719575,8.774964387,448,w,2019,Goat,y4,b2,n0,o0,t1,abun_non
Grazed,122,4.804021053,2.237484649,11.04536102,448,w,2019,Goat,y4,b2,n0,o0,t1,abun_non
Ungrazed,29,3.367295864,-0.68636317,5.385164807,448,w,2021,Sheep,y6,b2,n0,o0,t1,abun_non
Grazed,45,3.806662512,-0.183335588,6.708203932,448,w,2021,Sheep,y6,b2,n0,o0,t1,abun_non
Ungrazed,41,3.713572091,-0.309092484,6.403124237,448,w,2022,Sheep,y7,b1,n0,o1,t0,abun_non
Grazed,45,3.806662512,-0.183335588,6.708203932,448,w,2022,Sheep,y7,b1,n0,o1,t0,abun_non
Ungrazed,152,5.023880527,3.180661365,12.32882801,455,w,2019,Goat,y4,b2,n0,o0,t1,abun_non
Grazed,88,4.477336826,1.168551038,9.38083152,455,w,2019,Goat,y4,b2,n0,o0,t1,abun_non
Ungrazed,33,3.496507592,-0.560606275,5.744562647,455,w,2020,Sheep,y5,b1,n0,o1,t0,abun_non
Grazed,34,3.526360554,-0.529167051,5.830951895,455,w,2020,Sheep,y5,b1,n0,o1,t0,abun_non
Ungrazed,49,3.891820319,-0.057578693,7,455,w,2021,Sheep,y6,b1,n0,o1,t0,abun_non
Grazed,36,3.583518966,-0.466288603,6,455,w,2021,Sheep,y6,b1,n0,o1,t0,abun_non
Ungrazed,74,4.304065107,0.728401904,8.602325267,455,w,2022,Sheep,y7,b1,n0,o1,t0,abun_non
Grazed,39,3.663561672,-0.371970931,6.244997998,455,w,2022,Sheep,y7,b1,n0,o1,t0,abun_non
Ungrazed,99,4.59511986,1.5143825,9.949874371,458,w,2019,Goat,y4,b1,n0,o1,t0,abun_non
Grazed,43,3.761200139,-0.246214036,6.557438524,458,w,2019,Goat,y4,b1,n0,o1,t0,abun_non
Ungrazed,68,4.21950772,0.539766561,8.246211251,458,w,2020,Sheep,y5,b1,n0,o1,t0,abun_non
Grazed,20,2.995732324,-0.969316185,4.472135955,458,w,2020,Sheep,y5,b1,n0,o1,t0,abun_non
Ungrazed,18,2.890371813,-1.032194633,4.242640687,458,w,2021,Sheep,y6,b1,n0,o1,t0,abun_non
Grazed,6,1.791759636,-1.409465319,2.449489743,458,w,2021,Sheep,y6,b1,n0,o1,t0,abun_non
Ungrazed,3,1.098612622,-1.503782991,1.732050808,458,w,2022,Sheep,y7,b1,n0,o1,t0,abun_non
Grazed,37,3.61091794,-0.434849379,6.08276253,458,w,2022,Sheep,y7,b1,n0,o1,t0,abun_non
Ungrazed,56,4.025351709,0.162495874,7.483314774,459,w,2019,Goat,y4,b1,n0,o1,t0,abun_non
Grazed,20,2.995732324,-0.969316185,4.472135955,459,w,2019,Goat,y4,b1,n0,o1,t0,abun_non
Ungrazed,89,4.488636381,1.199990262,9.433981132,459,w,2020,Sheep,y5,b1,n0,o1,t0,abun_non
Grazed,11,2.397895364,-1.2522692,3.31662479,459,w,2020,Sheep,y5,b1,n0,o1,t0,abun_non
Ungrazed,8,2.079441667,-1.346586871,2.828427125,459,w,2021,Sheep,y6,b1,n0,o1,t0,abun_non
Grazed,9,2.197224688,-1.315147647,3,459,w,2021,Sheep,y6,b1,n0,o1,t0,abun_non
Ungrazed,4,1.386294611,-1.472343767,2,459,w,2022,Sheep,y7,b1,n0,o1,t0,abun_non
Grazed,4,1.386294611,-1.472343767,2,459,w,2022,Sheep,y7,b1,n0,o1,t0,abun_non
Ungrazed,130,4.867534458,2.48899844,11.40175425,460,w,2019,Goat,y4,b1,n0,o1,t0,abun_non
Grazed,53,3.970291932,0.068178203,7.280109889,460,w,2019,Goat,y4,b1,n0,o1,t0,abun_non
Ungrazed,79,4.369447865,0.885598023,8.888194417,460,w,2020,Sheep,y5,b1,n0,o1,t0,abun_non
Grazed,33,3.496507592,-0.560606275,5.744562647,460,w,2020,Sheep,y5,b1,n0,o1,t0,abun_non
Ungrazed,14,2.639057401,-1.157951528,3.741657387,460,w,2021,Sheep,y6,b1,n0,o1,t0,abun_non
Grazed,31,3.433987237,-0.623484722,5.567764363,460,w,2021,Sheep,y6,b1,n0,o1,t0,abun_non
Ungrazed,14,2.639057401,-1.157951528,3.741657387,460,w,2022,Sheep,y7,b1,n0,o1,t0,abun_non
Grazed,18,2.890371813,-1.032194633,4.242640687,460,w,2022,Sheep,y7,b1,n0,o1,t0,abun_non
Ungrazed,72,4.276666133,0.665523456,8.485281374,461,w,2019,Goat,y4,b1,n0,o1,t0,abun_non
Grazed,80,4.382026647,0.917037247,8.94427191,461,w,2019,Goat,y4,b1,n0,o1,t0,abun_non
Ungrazed,26,3.258096576,-0.780680842,5.099019514,461,w,2020,Sheep,y5,b1,n0,o1,t0,abun_non
Grazed,47,3.850147623,-0.120457141,6.8556546,461,w,2020,Sheep,y5,b1,n0,o1,t0,abun_non
Ungrazed,33,3.496507592,-0.560606275,5.744562647,461,w,2021,Sheep,y6,b1,n0,o1,t0,abun_non
Grazed,37,3.61091794,-0.434849379,6.08276253,461,w,2021,Sheep,y6,b1,n0,o1,t0,abun_non
Ungrazed,85,4.442651268,1.074233366,9.219544457,464,w,2019,Goat,y4,b1,n0,o1,t0,abun_non
Grazed,92,4.521788588,1.294307933,9.591663047,464,w,2019,Goat,y4,b1,n0,o1,t0,abun_non
Ungrazed,39,3.663561672,-0.371970931,6.244997998,464,w,2020,Sheep,y5,b1,n0,o1,t0,abun_non
Grazed,33,3.496507592,-0.560606275,5.744562647,464,w,2020,Sheep,y5,b1,n0,o1,t0,abun_non
Ungrazed,27,3.295836903,-0.749241618,5.196152423,464,w,2021,Sheep,y6,b1,n0,o1,t0,abun_non
Grazed,24,3.178053872,-0.843559289,4.898979486,464,w,2021,Sheep,y6,b1,n0,o1,t0,abun_non
Ungrazed,45,3.806662512,-0.183335588,6.708203932,464,w,2022,Sheep,y7,b1,n0,o1,t0,abun_non
Grazed,26,3.258096576,-0.780680842,5.099019514,464,w,2022,Sheep,y7,b1,n0,o1,t0,abun_non
Ungrazed,68,4.21950772,0.539766561,8.246211251,469,w,2019,Goat,y4,b1,n0,o1,t0,abun_non
Grazed,60,4.094344579,0.28825277,7.745966692,469,w,2019,Goat,y4,b1,n0,o1,t0,abun_non
Ungrazed,38,3.637586186,-0.403410155,6.164414003,469,w,2020,Sheep,y5,b1,n0,o1,t0,abun_non
Grazed,34,3.526360554,-0.529167051,5.830951895,469,w,2020,Sheep,y5,b1,n0,o1,t0,abun_non
Ungrazed,9,2.197224688,-1.315147647,3,469,w,2021,Sheep,y6,b1,n0,o1,t0,abun_non
Grazed,16,2.772588785,-1.09507308,4,469,w,2021,Sheep,y6,b1,n0,o1,t0,abun_non
Ungrazed,12,2.484906733,-1.220829976,3.464101615,469,w,2022,Sheep,y7,b1,n0,o1,t0,abun_non
Grazed,20,2.995732324,-0.969316185,4.472135955,469,w,2022,Sheep,y7,b1,n0,o1,t0,abun_non
Ungrazed,72,4.276666133,1.906244283,8.485281374,p01,p,2019,Goat,y4,b0,n1,o0,t0,abun_nat
Grazed,6,1.791759636,-0.724393326,2.449489743,p01,p,2019,Goat,y4,b0,n1,o0,t0,abun_nat
Ungrazed,10,2.302585193,-0.564960744,3.16227766,p01,p,2021,Sheep,y6,b2,n0,o0,t1,abun_nat
Grazed,22,3.091042499,-0.086662997,4.69041576,p01,p,2021,Sheep,y6,b2,n0,o0,t1,abun_nat
Ungrazed,27,3.295836903,0.112627731,5.196152423,p01,p,2022,Sheep,y7,b1,n0,o1,t0,abun_nat
Grazed,35,3.55534809,0.431492896,5.916079783,p01,p,2022,Sheep,y7,b1,n0,o1,t0,abun_nat
Ungrazed,9,2.197224688,-0.604818889,3,p02,p,2019,Goat,y4,b0,n1,o0,t0,abun_nat
Grazed,17,2.833213403,-0.285953725,4.123105626,p02,p,2019,Goat,y4,b0,n1,o0,t0,abun_nat
Ungrazed,4,1.386294611,-0.804109617,2,p02,p,2021,Sheep,y6,b2,n0,o0,t1,abun_nat
Grazed,25,3.218875865,0.03291144,5,p02,p,2021,Sheep,y6,b2,n0,o0,t1,abun_nat
Ungrazed,14,2.639057401,-0.405528161,3.741657387,p02,p,2022,Sheep,y7,b1,n0,o1,t0,abun_nat
Grazed,12,2.484906733,-0.485244452,3.464101615,p02,p,2022,Sheep,y7,b1,n0,o1,t0,abun_nat
Ungrazed,8,2.079441667,-0.644677035,2.828427125,p03,p,2019,Goat,y4,b0,n1,o0,t0,abun_nat
Grazed,42,3.737669642,0.710499915,6.480740698,p03,p,2019,Goat,y4,b0,n1,o0,t0,abun_nat
Ungrazed,42,3.737669642,0.710499915,6.480740698,p03,p,2021,Sheep,y6,b2,n0,o0,t1,abun_nat
Grazed,68,4.21950772,1.746811701,8.246211251,p03,p,2021,Sheep,y6,b2,n0,o0,t1,abun_nat
Ungrazed,45,3.806662512,0.830074352,6.708203932,p03,p,2022,Sheep,y7,b1,n0,o1,t0,abun_nat
Grazed,80,4.382026647,2.225109448,8.94427191,p03,p,2022,Sheep,y7,b1,n0,o1,t0,abun_nat
Ungrazed,7,1.945910292,-0.68453518,2.645751311,p04,p,2019,Goat,y4,b0,n1,o0,t0,abun_nat
Grazed,4,1.386294611,-0.804109617,2,p04,p,2019,Goat,y4,b0,n1,o0,t0,abun_nat
Ungrazed,2,0.693147681,-0.883825908,1.414213562,p04,p,2021,Sheep,y6,b2,n0,o0,t1,abun_nat
Grazed,1,1.00E-06,-0.923684054,1,p04,p,2021,Sheep,y6,b2,n0,o0,t1,abun_nat
Ungrazed,1,1.00E-06,-0.923684054,1,p04,p,2022,Sheep,y7,b1,n0,o1,t0,abun_nat
Grazed,4,1.386294611,-0.804109617,2,p04,p,2022,Sheep,y7,b1,n0,o1,t0,abun_nat
Ungrazed,1,1.00E-06,-0.923684054,1,p05,p,2019,Goat,y4,b0,n1,o0,t0,abun_nat
Grazed,11,2.397895364,-0.525102598,3.31662479,p05,p,2019,Goat,y4,b0,n1,o0,t0,abun_nat
Ungrazed,10,2.302585193,-0.564960744,3.16227766,p05,p,2021,Sheep,y6,b2,n0,o0,t1,abun_nat
Grazed,33,3.496507592,0.351776605,5.744562647,p05,p,2021,Sheep,y6,b2,n0,o0,t1,abun_nat
Ungrazed,8,2.079441667,-0.644677035,2.828427125,p05,p,2022,Sheep,y7,b1,n0,o1,t0,abun_nat
Grazed,37,3.61091794,0.511209187,6.08276253,p05,p,2022,Sheep,y7,b1,n0,o1,t0,abun_nat
Ungrazed,12,2.484906733,-0.485244452,3.464101615,p06,p,2019,Goat,y4,b0,n1,o0,t0,abun_nat
Grazed,2,0.693147681,-0.883825908,1.414213562,p06,p,2019,Goat,y4,b0,n1,o0,t0,abun_nat
Ungrazed,7,1.945910292,-0.68453518,2.645751311,p06,p,2021,Sheep,y6,b2,n0,o0,t1,abun_nat
Grazed,7,1.945910292,-0.68453518,2.645751311,p06,p,2021,Sheep,y6,b2,n0,o0,t1,abun_nat
Ungrazed,2,0.693147681,-0.883825908,1.414213562,p06,p,2022,Sheep,y7,b1,n0,o1,t0,abun_nat
Grazed,3,1.098612622,-0.843967763,1.732050808,p06,p,2022,Sheep,y7,b1,n0,o1,t0,abun_nat
Ungrazed,14,2.639057401,-0.405528161,3.741657387,p07,p,2019,Goat,y4,b0,n1,o0,t0,abun_nat
Grazed,9,2.197224688,-0.604818889,3,p07,p,2019,Goat,y4,b0,n1,o0,t0,abun_nat
Ungrazed,3,1.098612622,-0.843967763,1.732050808,p07,p,2021,Sheep,y6,b2,n0,o0,t1,abun_nat
Grazed,12,2.484906733,-0.485244452,3.464101615,p07,p,2021,Sheep,y6,b2,n0,o0,t1,abun_nat
Ungrazed,4,1.386294611,-0.804109617,2,p07,p,2022,Sheep,y7,b1,n0,o1,t0,abun_nat
Grazed,10,2.302585193,-0.564960744,3.16227766,p07,p,2022,Sheep,y7,b1,n0,o1,t0,abun_nat
Ungrazed,10,2.302585193,-0.564960744,3.16227766,p08,p,2019,Goat,y4,b0,n1,o0,t0,abun_nat
Grazed,9,2.197224688,-0.604818889,3,p08,p,2019,Goat,y4,b0,n1,o0,t0,abun_nat
Ungrazed,5,1.609438112,-0.764251472,2.236067977,p08,p,2021,Sheep,y6,b2,n0,o0,t1,abun_nat
Grazed,9,2.197224688,-0.604818889,3,p08,p,2021,Sheep,y6,b2,n0,o0,t1,abun_nat
Ungrazed,8,2.079441667,-0.644677035,2.828427125,p08,p,2022,Sheep,y7,b1,n0,o1,t0,abun_nat
Grazed,9,2.197224688,-0.604818889,3,p08,p,2022,Sheep,y7,b1,n0,o1,t0,abun_nat
Ungrazed,45,3.806662512,0.830074352,6.708203932,p09,p,2019,Goat,y4,b0,n1,o0,t0,abun_nat
Grazed,19,2.944439032,-0.206237433,4.358898944,p09,p,2019,Goat,y4,b0,n1,o0,t0,abun_nat
Ungrazed,18,2.890371813,-0.246095579,4.242640687,p09,p,2021,Sheep,y6,b2,n0,o0,t1,abun_nat
Grazed,33,3.496507592,0.351776605,5.744562647,p09,p,2021,Sheep,y6,b2,n0,o0,t1,abun_nat
Ungrazed,11,2.397895364,-0.525102598,3.31662479,p09,p,2022,Sheep,y7,b1,n0,o1,t0,abun_nat
Grazed,27,3.295836903,0.112627731,5.196152423,p09,p,2022,Sheep,y7,b1,n0,o1,t0,abun_nat
Ungrazed,4,1.386294611,-0.804109617,2,p10,p,2019,Goat,y4,b0,n1,o0,t0,abun_nat
Grazed,14,2.639057401,-0.405528161,3.741657387,p10,p,2019,Goat,y4,b0,n1,o0,t0,abun_nat
Ungrazed,6,1.791759636,-0.724393326,2.449489743,p10,p,2021,Sheep,y6,b2,n0,o0,t1,abun_nat
Grazed,20,2.995732324,-0.166379288,4.472135955,p10,p,2021,Sheep,y6,b2,n0,o0,t1,abun_nat
Ungrazed,6,1.791759636,-0.724393326,2.449489743,p10,p,2022,Sheep,y7,b1,n0,o1,t0,abun_nat
Grazed,7,1.945910292,-0.68453518,2.645751311,p10,p,2022,Sheep,y7,b1,n0,o1,t0,abun_nat
Ungrazed,11,2.397895364,-0.525102598,3.31662479,p11,p,2019,Goat,y4,b0,n1,o0,t0,abun_nat
Grazed,14,2.639057401,-0.405528161,3.741657387,p11,p,2019,Goat,y4,b0,n1,o0,t0,abun_nat
Ungrazed,27,3.295836903,0.112627731,5.196152423,p11,p,2021,Sheep,y6,b2,n0,o0,t1,abun_nat
Grazed,19,2.944439032,-0.206237433,4.358898944,p11,p,2021,Sheep,y6,b2,n0,o0,t1,abun_nat
Ungrazed,10,2.302585193,-0.564960744,3.16227766,p11,p,2022,Sheep,y7,b1,n0,o1,t0,abun_nat
Grazed,15,2.708050268,-0.365670016,3.872983346,p11,p,2022,Sheep,y7,b1,n0,o1,t0,abun_nat
Ungrazed,7,1.945910292,-0.68453518,2.645751311,p12,p,2019,Goat,y4,b0,n1,o0,t0,abun_nat
Grazed,53,3.970291932,1.148939517,7.280109889,p12,p,2019,Goat,y4,b0,n1,o0,t0,abun_nat
Ungrazed,74,4.304065107,1.985960574,8.602325267,p12,p,2021,Sheep,y6,b2,n0,o0,t1,abun_nat
Grazed,54,3.988984065,1.188797662,7.348469228,p12,p,2021,Sheep,y6,b2,n0,o0,t1,abun_nat
Ungrazed,31,3.433987237,0.272060314,5.567764363,p12,p,2022,Sheep,y7,b1,n0,o1,t0,abun_nat
Grazed,69,4.234106519,1.786669846,8.306623863,p12,p,2022,Sheep,y7,b1,n0,o1,t0,abun_nat
Ungrazed,13,2.564949434,-0.445386307,3.605551275,p13,p,2019,Goat,y4,b0,n1,o0,t0,abun_nat
Grazed,19,2.944439032,-0.206237433,4.358898944,p13,p,2019,Goat,y4,b0,n1,o0,t0,abun_nat
Ungrazed,27,3.295836903,0.112627731,5.196152423,p13,p,2021,Sheep,y6,b2,n0,o0,t1,abun_nat
Grazed,28,3.332204546,0.152485877,5.291502622,p13,p,2021,Sheep,y6,b2,n0,o0,t1,abun_nat
Ungrazed,51,3.931825652,1.069223226,7.141428429,p13,p,2022,Sheep,y7,b1,n0,o1,t0,abun_nat
Grazed,76,4.330733353,2.065676865,8.717797887,p13,p,2022,Sheep,y7,b1,n0,o1,t0,abun_nat
Ungrazed,2,0.693147681,-0.883825908,1.414213562,p14,p,2019,Goat,y4,b0,n1,o0,t0,abun_nat
Grazed,1,1.00E-06,-0.923684054,1,p14,p,2019,Goat,y4,b0,n1,o0,t0,abun_nat
Ungrazed,7,1.945910292,-0.68453518,2.645751311,p14,p,2021,Sheep,y6,b2,n0,o0,t1,abun_nat
Grazed,2,0.693147681,-0.883825908,1.414213562,p14,p,2021,Sheep,y6,b2,n0,o0,t1,abun_nat
Ungrazed,2,0.693147681,-0.883825908,1.414213562,p14,p,2022,Sheep,y7,b1,n0,o1,t0,abun_nat
Grazed,5,1.609438112,-0.764251472,2.236067977,p14,p,2022,Sheep,y7,b1,n0,o1,t0,abun_nat
Ungrazed,5,1.609438112,-0.764251472,2.236067977,p15,p,2019,Goat,y4,b0,n1,o0,t0,abun_nat
Grazed,67,4.204692634,1.706953555,8.185352772,p15,p,2019,Goat,y4,b0,n1,o0,t0,abun_nat
Ungrazed,48,3.871201032,0.949648789,6.92820323,p15,p,2021,Sheep,y6,b2,n0,o0,t1,abun_nat
Grazed,58,4.060443028,1.348230245,7.615773106,p15,p,2021,Sheep,y6,b2,n0,o0,t1,abun_nat
Ungrazed,79,4.369447865,2.185251302,8.888194417,p15,p,2022,Sheep,y7,b1,n0,o1,t0,abun_nat
Grazed,89,4.488636381,2.583832758,9.433981132,p15,p,2022,Sheep,y7,b1,n0,o1,t0,abun_nat
Ungrazed,1,1.00E-06,-0.923684054,1,p16,p,2019,Goat,y4,b0,n1,o0,t0,abun_nat
Grazed,38,3.637586186,0.551067333,6.164414003,p16,p,2019,Goat,y4,b0,n1,o0,t0,abun_nat
Ungrazed,2,0.693147681,-0.883825908,1.414213562,p16,p,2021,Sheep,y6,b2,n0,o0,t1,abun_nat
Grazed,26,3.258096576,0.072769586,5.099019514,p16,p,2021,Sheep,y6,b2,n0,o0,t1,abun_nat
Ungrazed,5,1.609438112,-0.764251472,2.236067977,p16,p,2022,Sheep,y7,b1,n0,o1,t0,abun_nat
Grazed,81,4.394449167,2.264967593,9,p16,p,2022,Sheep,y7,b1,n0,o1,t0,abun_nat
Ungrazed,3,1.098612622,-0.843967763,1.732050808,p17,p,2019,Goat,y4,b0,n1,o0,t0,abun_nat
Grazed,16,2.772588785,-0.32581187,4,p17,p,2019,Goat,y4,b0,n1,o0,t0,abun_nat
Ungrazed,5,1.609438112,-0.764251472,2.236067977,p17,p,2021,Sheep,y6,b2,n0,o0,t1,abun_nat
Grazed,18,2.890371813,-0.246095579,4.242640687,p17,p,2021,Sheep,y6,b2,n0,o0,t1,abun_nat
Ungrazed,6,1.791759636,-0.724393326,2.449489743,p17,p,2022,Sheep,y7,b1,n0,o1,t0,abun_nat
Grazed,18,2.890371813,-0.246095579,4.242640687,p17,p,2022,Sheep,y7,b1,n0,o1,t0,abun_nat
Ungrazed,12,2.484906733,-0.485244452,3.464101615,p18,p,2019,Goat,y4,b0,n1,o0,t0,abun_nat
Grazed,45,3.806662512,0.830074352,6.708203932,p18,p,2019,Goat,y4,b0,n1,o0,t0,abun_nat
Ungrazed,12,2.484906733,-0.485244452,3.464101615,p18,p,2021,Sheep,y6,b2,n0,o0,t1,abun_nat
Grazed,65,4.174387285,1.627237264,8.062257748,p18,p,2021,Sheep,y6,b2,n0,o0,t1,abun_nat
Ungrazed,11,2.397895364,-0.525102598,3.31662479,p18,p,2022,Sheep,y7,b1,n0,o1,t0,abun_nat
Grazed,87,4.46590813,2.504116467,9.327379053,p18,p,2022,Sheep,y7,b1,n0,o1,t0,abun_nat
Ungrazed,5,1.609438112,-0.764251472,2.236067977,p19,p,2019,Goat,y4,b0,n1,o0,t0,abun_nat
Grazed,14,2.639057401,-0.405528161,3.741657387,p19,p,2019,Goat,y4,b0,n1,o0,t0,abun_nat
Ungrazed,2,0.693147681,-0.883825908,1.414213562,p19,p,2021,Sheep,y6,b2,n0,o0,t1,abun_nat
Grazed,27,3.295836903,0.112627731,5.196152423,p19,p,2021,Sheep,y6,b2,n0,o0,t1,abun_nat
Ungrazed,1,1.00E-06,-0.923684054,1,p19,p,2022,Sheep,y7,b1,n0,o1,t0,abun_nat
Grazed,7,1.945910292,-0.68453518,2.645751311,p19,p,2022,Sheep,y7,b1,n0,o1,t0,abun_nat
Ungrazed,1,1.00E-06,-0.923684054,1,p20,p,2019,Goat,y4,b0,n1,o0,t0,abun_nat
Grazed,10,2.302585193,-0.564960744,3.16227766,p20,p,2019,Goat,y4,b0,n1,o0,t0,abun_nat
Ungrazed,3,1.098612622,-0.843967763,1.732050808,p20,p,2021,Sheep,y6,b2,n0,o0,t1,abun_nat
Grazed,40,3.688879479,0.630783624,6.32455532,p20,p,2021,Sheep,y6,b2,n0,o0,t1,abun_nat
Ungrazed,7,1.945910292,-0.68453518,2.645751311,p20,p,2022,Sheep,y7,b1,n0,o1,t0,abun_nat
Grazed,59,4.077537461,1.38808839,7.681145748,p20,p,2022,Sheep,y7,b1,n0,o1,t0,abun_nat
Ungrazed,5,1.609438112,-0.764251472,2.236067977,p21,p,2019,Goat,y4,b0,n1,o0,t0,abun_nat
Grazed,4,1.386294611,-0.804109617,2,p21,p,2019,Goat,y4,b0,n1,o0,t0,abun_nat
Ungrazed,12,2.484906733,-0.485244452,3.464101615,p21,p,2021,Sheep,y6,b2,n0,o0,t1,abun_nat
Grazed,22,3.091042499,-0.086662997,4.69041576,p21,p,2021,Sheep,y6,b2,n0,o0,t1,abun_nat
Ungrazed,27,3.295836903,0.112627731,5.196152423,p21,p,2022,Sheep,y7,b1,n0,o1,t0,abun_nat
Grazed,10,2.302585193,-0.564960744,3.16227766,p21,p,2022,Sheep,y7,b1,n0,o1,t0,abun_nat
Ungrazed,11,2.397895364,-0.525102598,3.31662479,p22,p,2019,Goat,y4,b0,n1,o0,t0,abun_nat
Grazed,6,1.791759636,-0.724393326,2.449489743,p22,p,2019,Goat,y4,b0,n1,o0,t0,abun_nat
Ungrazed,8,2.079441667,-0.644677035,2.828427125,p22,p,2021,Sheep,y6,b2,n0,o0,t1,abun_nat
Grazed,11,2.397895364,-0.525102598,3.31662479,p22,p,2021,Sheep,y6,b2,n0,o0,t1,abun_nat
Ungrazed,15,2.708050268,-0.365670016,3.872983346,p22,p,2022,Sheep,y7,b1,n0,o1,t0,abun_nat
Grazed,12,2.484906733,-0.485244452,3.464101615,p22,p,2022,Sheep,y7,b1,n0,o1,t0,abun_nat
Ungrazed,11,2.397895364,-0.525102598,3.31662479,p23,p,2019,Goat,y4,b0,n1,o0,t0,abun_nat
Grazed,29,3.367295864,0.192344023,5.385164807,p23,p,2019,Goat,y4,b0,n1,o0,t0,abun_nat
Ungrazed,21,3.044522485,-0.126521142,4.582575695,p23,p,2021,Sheep,y6,b2,n0,o0,t1,abun_nat
Grazed,11,2.397895364,-0.525102598,3.31662479,p23,p,2021,Sheep,y6,b2,n0,o0,t1,abun_nat
Ungrazed,10,2.302585193,-0.564960744,3.16227766,p23,p,2022,Sheep,y7,b1,n0,o1,t0,abun_nat
Grazed,24,3.178053872,-0.006946705,4.898979486,p23,p,2022,Sheep,y7,b1,n0,o1,t0,abun_nat
Ungrazed,1,1.00E-06,-0.923684054,1,p27,p,2019,Goat,y4,b0,n1,o0,t0,abun_nat
Grazed,2,0.693147681,-0.883825908,1.414213562,p27,p,2019,Goat,y4,b0,n1,o0,t0,abun_nat
Ungrazed,2,0.693147681,-0.883825908,1.414213562,p27,p,2021,Sheep,y6,b2,n0,o0,t1,abun_nat
Grazed,1,1.00E-06,-0.923684054,1,p27,p,2021,Sheep,y6,b2,n0,o0,t1,abun_nat
Ungrazed,76,4.330733353,2.065676865,8.717797887,p28,p,2019,Goat,y4,b0,n1,o0,t0,abun_nat
Grazed,10,2.302585193,-0.564960744,3.16227766,p28,p,2019,Goat,y4,b0,n1,o0,t0,abun_nat
Ungrazed,5,1.609438112,-0.764251472,2.236067977,p28,p,2021,Sheep,y6,b2,n0,o0,t1,abun_nat
Grazed,8,2.079441667,-0.644677035,2.828427125,p28,p,2021,Sheep,y6,b2,n0,o0,t1,abun_nat
Ungrazed,12,2.484906733,-0.485244452,3.464101615,p28,p,2022,Sheep,y7,b1,n0,o1,t0,abun_nat
Grazed,7,1.945910292,-0.68453518,2.645751311,p28,p,2022,Sheep,y7,b1,n0,o1,t0,abun_nat
Ungrazed,1,1.00E-06,-0.923684054,1,p29,p,2019,Goat,y4,b0,n1,o0,t0,abun_nat
Grazed,12,2.484906733,-0.485244452,3.464101615,p29,p,2019,Goat,y4,b0,n1,o0,t0,abun_nat
Grazed,12,2.484906733,-0.485244452,3.464101615,p29,p,2021,Sheep,y6,b2,n0,o0,t1,abun_nat
Ungrazed,2,0.693147681,-0.883825908,1.414213562,p29,p,2022,Sheep,y7,b1,n0,o1,t0,abun_nat
Grazed,8,2.079441667,-0.644677035,2.828427125,p29,p,2022,Sheep,y7,b1,n0,o1,t0,abun_nat
Ungrazed,4,1.386294611,-0.804109617,2,p30,p,2019,Goat,y4,b0,n1,o0,t0,abun_nat
Grazed,5,1.609438112,-0.764251472,2.236067977,p30,p,2019,Goat,y4,b0,n1,o0,t0,abun_nat
Ungrazed,5,1.609438112,-0.764251472,2.236067977,p30,p,2021,Sheep,y6,b2,n0,o0,t1,abun_nat
Grazed,4,1.386294611,-0.804109617,2,p30,p,2021,Sheep,y6,b2,n0,o0,t1,abun_nat
Ungrazed,2,0.693147681,-0.883825908,1.414213562,p30,p,2022,Sheep,y7,b1,n0,o1,t0,abun_nat
Grazed,3,1.098612622,-0.843967763,1.732050808,p30,p,2022,Sheep,y7,b1,n0,o1,t0,abun_nat
Ungrazed,18,2.890371813,-0.246095579,4.242640687,p31,p,2019,Goat,y4,b0,n1,o0,t0,abun_nat
Grazed,12,2.484906733,-0.485244452,3.464101615,p31,p,2019,Goat,y4,b0,n1,o0,t0,abun_nat
Ungrazed,58,4.060443028,1.348230245,7.615773106,p31,p,2022,Sheep,y7,b2,n0,o0,t1,abun_nat
Grazed,22,3.091042499,-0.086662997,4.69041576,p31,p,2022,Sheep,y7,b2,n0,o0,t1,abun_nat
Ungrazed,17,2.833213403,-0.285953725,4.123105626,p32,p,2020,Sheep,y5,b0,n1,o0,t0,abun_nat
Grazed,34,3.526360554,0.391634751,5.830951895,p32,p,2020,Sheep,y5,b0,n1,o0,t0,abun_nat
Ungrazed,14,2.639057401,-0.405528161,3.741657387,p32,p,2021,Sheep,y6,b1,n0,o1,t0,abun_nat
Grazed,33,3.496507592,0.351776605,5.744562647,p32,p,2021,Sheep,y6,b1,n0,o1,t0,abun_nat
Ungrazed,7,1.945910292,-0.68453518,2.645751311,p32,p,2022,Sheep,y7,b1,n0,o1,t0,abun_nat
Grazed,29,3.367295864,0.192344023,5.385164807,p32,p,2022,Sheep,y7,b1,n0,o1,t0,abun_nat
Ungrazed,4,1.386294611,-0.804109617,2,p33,p,2020,Sheep,y5,b0,n1,o0,t0,abun_nat
Grazed,2,0.693147681,-0.883825908,1.414213562,p33,p,2020,Sheep,y5,b0,n1,o0,t0,abun_nat
Ungrazed,29,3.367295864,0.192344023,5.385164807,p33,p,2021,Sheep,y6,b1,n0,o1,t0,abun_nat
Grazed,3,1.098612622,-0.843967763,1.732050808,p33,p,2021,Sheep,y6,b1,n0,o1,t0,abun_nat
Ungrazed,4,1.386294611,-0.804109617,2,p33,p,2022,Sheep,y7,b1,n0,o1,t0,abun_nat
Grazed,1,1.00E-06,-0.923684054,1,p33,p,2022,Sheep,y7,b1,n0,o1,t0,abun_nat
Ungrazed,7,1.945910292,-0.68453518,2.645751311,p34,p,2020,Sheep,y5,b0,n1,o0,t0,abun_nat
Grazed,5,1.609438112,-0.764251472,2.236067977,p34,p,2020,Sheep,y5,b0,n1,o0,t0,abun_nat
Ungrazed,9,2.197224688,-0.604818889,3,p34,p,2021,Sheep,y6,b1,n0,o1,t0,abun_nat
Grazed,14,2.639057401,-0.405528161,3.741657387,p34,p,2021,Sheep,y6,b1,n0,o1,t0,abun_nat
Ungrazed,8,2.079441667,-0.644677035,2.828427125,p34,p,2022,Sheep,y7,b1,n0,o1,t0,abun_nat
Grazed,11,2.397895364,-0.525102598,3.31662479,p34,p,2022,Sheep,y7,b1,n0,o1,t0,abun_nat
Ungrazed,44,3.784189657,0.790216206,6.633249581,p35,p,2020,Sheep,y5,b0,n1,o0,t0,abun_nat
Grazed,25,3.218875865,0.03291144,5,p35,p,2020,Sheep,y5,b0,n1,o0,t0,abun_nat
Ungrazed,16,2.772588785,-0.32581187,4,p35,p,2021,Sheep,y6,b1,n0,o1,t0,abun_nat
Grazed,38,3.637586186,0.551067333,6.164414003,p35,p,2021,Sheep,y6,b1,n0,o1,t0,abun_nat
Ungrazed,8,2.079441667,-0.644677035,2.828427125,p35,p,2022,Sheep,y7,b1,n0,o1,t0,abun_nat
Grazed,18,2.890371813,-0.246095579,4.242640687,p35,p,2022,Sheep,y7,b1,n0,o1,t0,abun_nat
Ungrazed,6,1.791759636,-0.724393326,2.449489743,p36,p,2020,Sheep,y5,b0,n1,o0,t0,abun_nat
Grazed,16,2.772588785,-0.32581187,4,p36,p,2020,Sheep,y5,b0,n1,o0,t0,abun_nat
Ungrazed,6,1.791759636,-0.724393326,2.449489743,p36,p,2021,Sheep,y6,b1,n0,o1,t0,abun_nat
Grazed,24,3.178053872,-0.006946705,4.898979486,p36,p,2021,Sheep,y6,b1,n0,o1,t0,abun_nat
Ungrazed,20,2.995732324,-0.166379288,4.472135955,p36,p,2022,Sheep,y7,b1,n0,o1,t0,abun_nat
Grazed,51,3.931825652,1.069223226,7.141428429,p36,p,2022,Sheep,y7,b1,n0,o1,t0,abun_nat
Ungrazed,7,1.945910292,-0.68453518,2.645751311,p37,p,2020,Sheep,y5,b0,n1,o0,t0,abun_nat
Grazed,11,2.397895364,-0.525102598,3.31662479,p37,p,2020,Sheep,y5,b0,n1,o0,t0,abun_nat
Ungrazed,7,1.945910292,-0.68453518,2.645751311,p37,p,2021,Sheep,y6,b1,n0,o1,t0,abun_nat
Grazed,9,2.197224688,-0.604818889,3,p37,p,2021,Sheep,y6,b1,n0,o1,t0,abun_nat
Ungrazed,16,2.772588785,-0.32581187,4,p37,p,2022,Sheep,y7,b1,n0,o1,t0,abun_nat
Grazed,21,3.044522485,-0.126521142,4.582575695,p37,p,2022,Sheep,y7,b1,n0,o1,t0,abun_nat
Grazed,9,2.197224688,-0.604818889,3,p38,p,2020,Sheep,y5,b0,n1,o0,t0,abun_nat
Ungrazed,1,1.00E-06,-0.923684054,1,p38,p,2021,Sheep,y6,b1,n0,o1,t0,abun_nat
Grazed,10,2.302585193,-0.564960744,3.16227766,p38,p,2021,Sheep,y6,b1,n0,o1,t0,abun_nat
Ungrazed,1,1.00E-06,-0.923684054,1,p38,p,2022,Sheep,y7,b1,n0,o1,t0,abun_nat
Grazed,9,2.197224688,-0.604818889,3,p38,p,2022,Sheep,y7,b1,n0,o1,t0,abun_nat
Ungrazed,11,2.397895364,-0.525102598,3.31662479,p39,p,2020,Sheep,y5,b0,n1,o0,t0,abun_nat
Grazed,18,2.890371813,-0.246095579,4.242640687,p39,p,2020,Sheep,y5,b0,n1,o0,t0,abun_nat
Ungrazed,12,2.484906733,-0.485244452,3.464101615,p39,p,2021,Sheep,y6,b1,n0,o1,t0,abun_nat
Grazed,26,3.258096576,0.072769586,5.099019514,p39,p,2021,Sheep,y6,b1,n0,o1,t0,abun_nat
Ungrazed,12,2.484906733,-0.485244452,3.464101615,p39,p,2022,Sheep,y7,b1,n0,o1,t0,abun_nat
Grazed,9,2.197224688,-0.604818889,3,p39,p,2022,Sheep,y7,b1,n0,o1,t0,abun_nat
Ungrazed,1,1.00E-06,-0.923684054,1,p40,p,2020,Sheep,y5,b0,n1,o0,t0,abun_nat
Grazed,1,1.00E-06,-0.923684054,1,p40,p,2020,Sheep,y5,b0,n1,o0,t0,abun_nat
Ungrazed,1,1.00E-06,-0.923684054,1,p40,p,2021,Sheep,y6,b1,n0,o1,t0,abun_nat
Grazed,1,1.00E-06,-0.923684054,1,p40,p,2021,Sheep,y6,b1,n0,o1,t0,abun_nat
Ungrazed,1,1.00E-06,-0.923684054,1,p40,p,2022,Sheep,y7,b1,n0,o1,t0,abun_nat
Grazed,1,1.00E-06,-0.923684054,1,p40,p,2022,Sheep,y7,b1,n0,o1,t0,abun_nat
Ungrazed,2,0.693147681,-0.883825908,1.414213562,p41,p,2020,Sheep,y5,b0,n1,o0,t0,abun_nat
Grazed,9,2.197224688,-0.604818889,3,p41,p,2020,Sheep,y5,b0,n1,o0,t0,abun_nat
Ungrazed,2,0.693147681,-0.883825908,1.414213562,p41,p,2021,Sheep,y6,b1,n0,o1,t0,abun_nat
Grazed,9,2.197224688,-0.604818889,3,p41,p,2021,Sheep,y6,b1,n0,o1,t0,abun_nat
Ungrazed,2,0.693147681,-0.883825908,1.414213562,p41,p,2022,Sheep,y7,b1,n0,o1,t0,abun_nat
Grazed,9,2.197224688,-0.604818889,3,p41,p,2022,Sheep,y7,b1,n0,o1,t0,abun_nat
Ungrazed,7,1.945910292,-0.68453518,2.645751311,p42,p,2020,Sheep,y5,b0,n1,o0,t0,abun_nat
Grazed,1,1.00E-06,-0.923684054,1,p42,p,2020,Sheep,y5,b0,n1,o0,t0,abun_nat
Ungrazed,3,1.098612622,-0.843967763,1.732050808,p42,p,2021,Sheep,y6,b1,n0,o1,t0,abun_nat
Grazed,2,0.693147681,-0.883825908,1.414213562,p42,p,2021,Sheep,y6,b1,n0,o1,t0,abun_nat
Ungrazed,6,1.791759636,-0.724393326,2.449489743,p42,p,2022,Sheep,y7,b1,n0,o1,t0,abun_nat
Grazed,7,1.945910292,-0.68453518,2.645751311,p42,p,2022,Sheep,y7,b1,n0,o1,t0,abun_nat
Ungrazed,67,4.204692634,1.706953555,8.185352772,p43,p,2020,Sheep,y5,b0,n1,o0,t0,abun_nat
Grazed,46,3.828641418,0.869932498,6.782329983,p43,p,2020,Sheep,y5,b0,n1,o0,t0,abun_nat
Ungrazed,68,4.21950772,1.746811701,8.246211251,p43,p,2021,Sheep,y6,b1,n0,o1,t0,abun_nat
Grazed,54,3.988984065,1.188797662,7.348469228,p43,p,2021,Sheep,y6,b1,n0,o1,t0,abun_nat
Ungrazed,67,4.204692634,1.706953555,8.185352772,p43,p,2022,Sheep,y7,b1,n0,o1,t0,abun_nat
Grazed,85,4.442651268,2.424400176,9.219544457,p43,p,2022,Sheep,y7,b1,n0,o1,t0,abun_nat
Ungrazed,67,4.204692634,1.706953555,8.185352772,p44,p,2020,Sheep,y5,b0,n1,o0,t0,abun_nat
Grazed,96,4.564348202,2.862839777,9.797958971,p44,p,2020,Sheep,y5,b0,n1,o0,t0,abun_nat
Ungrazed,79,4.369447865,2.185251302,8.888194417,p44,p,2021,Sheep,y6,b1,n0,o1,t0,abun_nat
Grazed,90,4.499809681,2.623690904,9.486832981,p44,p,2021,Sheep,y6,b1,n0,o1,t0,abun_nat
Ungrazed,82,4.406719259,2.304825739,9.055385138,p44,p,2022,Sheep,y7,b1,n0,o1,t0,abun_nat
Grazed,82,4.406719259,2.304825739,9.055385138,p44,p,2022,Sheep,y7,b1,n0,o1,t0,abun_nat
Ungrazed,53,3.970291932,1.148939517,7.280109889,p45,p,2020,Sheep,y5,b0,n1,o0,t0,abun_nat
Grazed,107,4.672828844,3.301279379,10.34408043,p45,p,2020,Sheep,y5,b0,n1,o0,t0,abun_nat
Ungrazed,55,4.007333203,1.228655808,7.416198487,p45,p,2021,Sheep,y6,b1,n0,o1,t0,abun_nat
Grazed,64,4.158883099,1.587379118,8,p45,p,2021,Sheep,y6,b1,n0,o1,t0,abun_nat
Ungrazed,67,4.204692634,1.706953555,8.185352772,p45,p,2022,Sheep,y7,b1,n0,o1,t0,abun_nat
Grazed,83,4.41884062,2.344683885,9.110433579,p45,p,2022,Sheep,y7,b1,n0,o1,t0,abun_nat
Ungrazed,44,3.784189657,0.790216206,6.633249581,p46,p,2020,Sheep,y5,b0,n1,o0,t0,abun_nat
Grazed,64,4.158883099,1.587379118,8,p46,p,2020,Sheep,y5,b0,n1,o0,t0,abun_nat
Ungrazed,16,2.772588785,-0.32581187,4,p46,p,2021,Sheep,y6,b1,n0,o1,t0,abun_nat
Grazed,43,3.761200139,0.750358061,6.557438524,p46,p,2021,Sheep,y6,b1,n0,o1,t0,abun_nat
Ungrazed,11,2.397895364,-0.525102598,3.31662479,p46,p,2022,Sheep,y7,b1,n0,o1,t0,abun_nat
Grazed,62,4.127134401,1.507662827,7.874007874,p46,p,2022,Sheep,y7,b1,n0,o1,t0,abun_nat
Ungrazed,51,3.931825652,1.069223226,7.141428429,p47,p,2020,Sheep,y5,b0,n1,o0,t0,abun_nat
Grazed,41,3.713572091,0.67064177,6.403124237,p47,p,2020,Sheep,y5,b0,n1,o0,t0,abun_nat
Ungrazed,46,3.828641418,0.869932498,6.782329983,p47,p,2021,Sheep,y6,b1,n0,o1,t0,abun_nat
Grazed,43,3.761200139,0.750358061,6.557438524,p47,p,2021,Sheep,y6,b1,n0,o1,t0,abun_nat
Ungrazed,32,3.465735934,0.311918459,5.656854249,p47,p,2022,Sheep,y7,b1,n0,o1,t0,abun_nat
Grazed,47,3.850147623,0.909790643,6.8556546,p47,p,2022,Sheep,y7,b1,n0,o1,t0,abun_nat
Ungrazed,45,3.806662512,0.830074352,6.708203932,p48,p,2020,Sheep,y5,b0,n1,o0,t0,abun_nat
Grazed,88,4.477336826,2.543974613,9.38083152,p48,p,2020,Sheep,y5,b0,n1,o0,t0,abun_nat
Ungrazed,11,2.397895364,-0.525102598,3.31662479,p48,p,2021,Sheep,y6,b1,n0,o1,t0,abun_nat
Grazed,35,3.55534809,0.431492896,5.916079783,p48,p,2021,Sheep,y6,b1,n0,o1,t0,abun_nat
Ungrazed,15,2.708050268,-0.365670016,3.872983346,p48,p,2022,Sheep,y7,b1,n0,o1,t0,abun_nat
Grazed,79,4.369447865,2.185251302,8.888194417,p48,p,2022,Sheep,y7,b1,n0,o1,t0,abun_nat
Ungrazed,4,1.386294611,-0.804109617,2,425,w,2019,Goat,y4,b2,n0,o0,t1,abun_nat
Grazed,10,2.302585193,-0.564960744,3.16227766,425,w,2019,Goat,y4,b2,n0,o0,t1,abun_nat
Ungrazed,17,2.833213403,-0.285953725,4.123105626,425,w,2021,Sheep,y6,b2,n0,o0,t1,abun_nat
Grazed,12,2.484906733,-0.485244452,3.464101615,425,w,2021,Sheep,y6,b2,n0,o0,t1,abun_nat
Ungrazed,26,3.258096576,0.072769586,5.099019514,425,w,2022,Sheep,y7,b1,n0,o1,t0,abun_nat
Grazed,14,2.639057401,-0.405528161,3.741657387,425,w,2022,Sheep,y7,b1,n0,o1,t0,abun_nat
Ungrazed,23,3.135494259,-0.046804851,4.795831523,426,w,2019,Goat,y4,b2,n0,o0,t1,abun_nat
Grazed,15,2.708050268,-0.365670016,3.872983346,426,w,2019,Goat,y4,b2,n0,o0,t1,abun_nat
Ungrazed,73,4.290459455,1.946102429,8.544003745,426,w,2021,Sheep,y6,b2,n0,o0,t1,abun_nat
Grazed,70,4.248495256,1.826527992,8.366600265,426,w,2021,Sheep,y6,b2,n0,o0,t1,abun_nat
Ungrazed,59,4.077537461,1.38808839,7.681145748,426,w,2022,Sheep,y7,b1,n0,o1,t0,abun_nat
Grazed,63,4.143134742,1.547520973,7.937253933,426,w,2022,Sheep,y7,b1,n0,o1,t0,abun_nat
Ungrazed,11,2.397895364,-0.525102598,3.31662479,429,w,2019,Goat,y4,b2,n0,o0,t1,abun_nat
Grazed,23,3.135494259,-0.046804851,4.795831523,429,w,2019,Goat,y4,b2,n0,o0,t1,abun_nat
Ungrazed,20,2.995732324,-0.166379288,4.472135955,429,w,2021,Sheep,y6,b2,n0,o0,t1,abun_nat
Grazed,42,3.737669642,0.710499915,6.480740698,429,w,2021,Sheep,y6,b2,n0,o0,t1,abun_nat
Ungrazed,8,2.079441667,-0.644677035,2.828427125,429,w,2022,Sheep,y7,b1,n0,o1,t0,abun_nat
Grazed,46,3.828641418,0.869932498,6.782329983,429,w,2022,Sheep,y7,b1,n0,o1,t0,abun_nat
Ungrazed,44,3.784189657,0.790216206,6.633249581,431,w,2019,Goat,y4,b2,n0,o0,t1,abun_nat
Grazed,11,2.397895364,-0.525102598,3.31662479,431,w,2019,Goat,y4,b2,n0,o0,t1,abun_nat
Ungrazed,7,1.945910292,-0.68453518,2.645751311,431,w,2021,Sheep,y6,b2,n0,o0,t1,abun_nat
Grazed,11,2.397895364,-0.525102598,3.31662479,431,w,2021,Sheep,y6,b2,n0,o0,t1,abun_nat
Ungrazed,13,2.564949434,-0.445386307,3.605551275,431,w,2022,Sheep,y7,b1,n0,o1,t0,abun_nat
Grazed,41,3.713572091,0.67064177,6.403124237,431,w,2022,Sheep,y7,b1,n0,o1,t0,abun_nat
Ungrazed,6,1.791759636,-0.724393326,2.449489743,448,w,2019,Goat,y4,b2,n0,o0,t1,abun_nat
Grazed,19,2.944439032,-0.206237433,4.358898944,448,w,2019,Goat,y4,b2,n0,o0,t1,abun_nat
Ungrazed,4,1.386294611,-0.804109617,2,448,w,2021,Sheep,y6,b2,n0,o0,t1,abun_nat
Grazed,13,2.564949434,-0.445386307,3.605551275,448,w,2021,Sheep,y6,b2,n0,o0,t1,abun_nat
Ungrazed,8,2.079441667,-0.644677035,2.828427125,448,w,2022,Sheep,y7,b1,n0,o1,t0,abun_nat
Grazed,20,2.995732324,-0.166379288,4.472135955,448,w,2022,Sheep,y7,b1,n0,o1,t0,abun_nat
Ungrazed,16,2.772588785,-0.32581187,4,455,w,2019,Goat,y4,b2,n0,o0,t1,abun_nat
Grazed,12,2.484906733,-0.485244452,3.464101615,455,w,2019,Goat,y4,b2,n0,o0,t1,abun_nat
Ungrazed,15,2.708050268,-0.365670016,3.872983346,455,w,2020,Sheep,y5,b1,n0,o1,t0,abun_nat
Grazed,14,2.639057401,-0.405528161,3.741657387,455,w,2020,Sheep,y5,b1,n0,o1,t0,abun_nat
Ungrazed,6,1.791759636,-0.724393326,2.449489743,455,w,2021,Sheep,y6,b1,n0,o1,t0,abun_nat
Grazed,10,2.302585193,-0.564960744,3.16227766,455,w,2021,Sheep,y6,b1,n0,o1,t0,abun_nat
Ungrazed,5,1.609438112,-0.764251472,2.236067977,455,w,2022,Sheep,y7,b1,n0,o1,t0,abun_nat
Grazed,10,2.302585193,-0.564960744,3.16227766,455,w,2022,Sheep,y7,b1,n0,o1,t0,abun_nat
Ungrazed,3,1.098612622,-0.843967763,1.732050808,458,w,2019,Goat,y4,b1,n0,o1,t0,abun_nat
Grazed,60,4.094344579,1.427946536,7.745966692,458,w,2019,Goat,y4,b1,n0,o1,t0,abun_nat
Ungrazed,49,3.891820319,0.989506934,7,458,w,2020,Sheep,y5,b1,n0,o1,t0,abun_nat
Grazed,124,4.820281574,3.978867854,11.13552873,458,w,2020,Sheep,y5,b1,n0,o1,t0,abun_nat
Ungrazed,74,4.304065107,1.985960574,8.602325267,458,w,2021,Sheep,y6,b1,n0,o1,t0,abun_nat
Grazed,91,4.510859518,2.663549049,9.539392014,458,w,2021,Sheep,y6,b1,n0,o1,t0,abun_nat
Ungrazed,91,4.510859518,2.663549049,9.539392014,458,w,2022,Sheep,y7,b1,n0,o1,t0,abun_nat
Grazed,57,4.043051285,1.308372099,7.549834435,458,w,2022,Sheep,y7,b1,n0,o1,t0,abun_nat
Ungrazed,7,1.945910292,-0.68453518,2.645751311,459,w,2019,Goat,y4,b1,n0,o1,t0,abun_nat
Grazed,69,4.234106519,1.786669846,8.306623863,459,w,2019,Goat,y4,b1,n0,o1,t0,abun_nat
Ungrazed,24,3.178053872,-0.006946705,4.898979486,459,w,2020,Sheep,y5,b1,n0,o1,t0,abun_nat
Grazed,62,4.127134401,1.507662827,7.874007874,459,w,2020,Sheep,y5,b1,n0,o1,t0,abun_nat
Ungrazed,44,3.784189657,0.790216206,6.633249581,459,w,2021,Sheep,y6,b1,n0,o1,t0,abun_nat
Grazed,68,4.21950772,1.746811701,8.246211251,459,w,2021,Sheep,y6,b1,n0,o1,t0,abun_nat
Ungrazed,70,4.248495256,1.826527992,8.366600265,459,w,2022,Sheep,y7,b1,n0,o1,t0,abun_nat
Grazed,64,4.158883099,1.587379118,8,459,w,2022,Sheep,y7,b1,n0,o1,t0,abun_nat
Ungrazed,19,2.944439032,-0.206237433,4.358898944,460,w,2019,Goat,y4,b1,n0,o1,t0,abun_nat
Grazed,80,4.382026647,2.225109448,8.94427191,460,w,2019,Goat,y4,b1,n0,o1,t0,abun_nat
Ungrazed,10,2.302585193,-0.564960744,3.16227766,460,w,2020,Sheep,y5,b1,n0,o1,t0,abun_nat
Grazed,72,4.276666133,1.906244283,8.485281374,460,w,2020,Sheep,y5,b1,n0,o1,t0,abun_nat
Ungrazed,48,3.871201032,0.949648789,6.92820323,460,w,2021,Sheep,y6,b1,n0,o1,t0,abun_nat
Grazed,19,2.944439032,-0.206237433,4.358898944,460,w,2021,Sheep,y6,b1,n0,o1,t0,abun_nat
Ungrazed,41,3.713572091,0.67064177,6.403124237,460,w,2022,Sheep,y7,b1,n0,o1,t0,abun_nat
Grazed,37,3.61091794,0.511209187,6.08276253,460,w,2022,Sheep,y7,b1,n0,o1,t0,abun_nat
Ungrazed,4,1.386294611,-0.804109617,2,461,w,2019,Goat,y4,b1,n0,o1,t0,abun_nat
Grazed,5,1.609438112,-0.764251472,2.236067977,461,w,2019,Goat,y4,b1,n0,o1,t0,abun_nat
Ungrazed,4,1.386294611,-0.804109617,2,461,w,2020,Sheep,y5,b1,n0,o1,t0,abun_nat
Grazed,1,1.00E-06,-0.923684054,1,461,w,2020,Sheep,y5,b1,n0,o1,t0,abun_nat
Ungrazed,2,0.693147681,-0.883825908,1.414213562,461,w,2021,Sheep,y6,b1,n0,o1,t0,abun_nat
Grazed,3,1.098612622,-0.843967763,1.732050808,461,w,2021,Sheep,y6,b1,n0,o1,t0,abun_nat
Ungrazed,22,3.091042499,-0.086662997,4.69041576,464,w,2019,Goat,y4,b1,n0,o1,t0,abun_nat
Grazed,19,2.944439032,-0.206237433,4.358898944,464,w,2019,Goat,y4,b1,n0,o1,t0,abun_nat
Ungrazed,14,2.639057401,-0.405528161,3.741657387,464,w,2020,Sheep,y5,b1,n0,o1,t0,abun_nat
Grazed,31,3.433987237,0.272060314,5.567764363,464,w,2020,Sheep,y5,b1,n0,o1,t0,abun_nat
Ungrazed,11,2.397895364,-0.525102598,3.31662479,464,w,2021,Sheep,y6,b1,n0,o1,t0,abun_nat
Grazed,17,2.833213403,-0.285953725,4.123105626,464,w,2021,Sheep,y6,b1,n0,o1,t0,abun_nat
Ungrazed,10,2.302585193,-0.564960744,3.16227766,464,w,2022,Sheep,y7,b1,n0,o1,t0,abun_nat
Grazed,31,3.433987237,0.272060314,5.567764363,464,w,2022,Sheep,y7,b1,n0,o1,t0,abun_nat
Ungrazed,16,2.772588785,-0.32581187,4,469,w,2019,Goat,y4,b1,n0,o1,t0,abun_nat
Grazed,8,2.079441667,-0.644677035,2.828427125,469,w,2019,Goat,y4,b1,n0,o1,t0,abun_nat
Ungrazed,16,2.772588785,-0.32581187,4,469,w,2020,Sheep,y5,b1,n0,o1,t0,abun_nat
Grazed,13,2.564949434,-0.445386307,3.605551275,469,w,2020,Sheep,y5,b1,n0,o1,t0,abun_nat
Ungrazed,24,3.178053872,-0.006946705,4.898979486,469,w,2021,Sheep,y6,b1,n0,o1,t0,abun_nat
Grazed,19,2.944439032,-0.206237433,4.358898944,469,w,2021,Sheep,y6,b1,n0,o1,t0,abun_nat
Ungrazed,47,3.850147623,0.909790643,6.8556546,469,w,2022,Sheep,y7,b1,n0,o1,t0,abun_nat
Grazed,65,4.174387285,1.627237264,8.062257748,469,w,2022,Sheep,y7,b1,n0,o1,t0,abun_nat
Ungrazed,0,-13.81551056,-0.9635422,0,p38,p,2020,Sheep,y5,b0,n1,o0,t0,abun_nat
Ungrazed,0,-13.81551056,-0.9635422,0,p29,p,2021,Sheep,y6,b2,n0,o0,t1,abun_nat
Ungrazed,4,1.386294611,-0.738930669,2,p01,p,2019,Goat,y4,b0,n1,o0,t0,abun_frb
Grazed,6,1.791759636,-0.657970977,2.449489743,p01,p,2019,Goat,y4,b0,n1,o0,t0,abun_frb
Ungrazed,10,2.302585193,-0.496051595,3.16227766,p01,p,2021,Sheep,y6,b2,n0,o0,t1,abun_frb
Grazed,22,3.091042499,-0.010293446,4.69041576,p01,p,2021,Sheep,y6,b2,n0,o0,t1,abun_frb
Ungrazed,27,3.295836903,0.192105782,5.196152423,p01,p,2022,Sheep,y7,b1,n0,o1,t0,abun_frb
Grazed,35,3.55534809,0.515944547,5.916079783,p01,p,2022,Sheep,y7,b1,n0,o1,t0,abun_frb
Ungrazed,9,2.197224688,-0.53653144,3,p02,p,2019,Goat,y4,b0,n1,o0,t0,abun_frb
Grazed,15,2.708050268,-0.293652366,3.872983346,p02,p,2019,Goat,y4,b0,n1,o0,t0,abun_frb
Ungrazed,4,1.386294611,-0.738930669,2,p02,p,2021,Sheep,y6,b2,n0,o0,t1,abun_frb
Grazed,25,3.218875865,0.111146091,5,p02,p,2021,Sheep,y6,b2,n0,o0,t1,abun_frb
Ungrazed,13,2.564949434,-0.374612058,3.605551275,p02,p,2022,Sheep,y7,b1,n0,o1,t0,abun_frb
Grazed,12,2.484906733,-0.415091903,3.464101615,p02,p,2022,Sheep,y7,b1,n0,o1,t0,abun_frb
Ungrazed,8,2.079441667,-0.577011286,2.828427125,p03,p,2019,Goat,y4,b0,n1,o0,t0,abun_frb
Grazed,42,3.737669642,0.799303467,6.480740698,p03,p,2019,Goat,y4,b0,n1,o0,t0,abun_frb
Ungrazed,42,3.737669642,0.799303467,6.480740698,p03,p,2021,Sheep,y6,b2,n0,o0,t1,abun_frb
Grazed,68,4.21950772,1.851779455,8.246211251,p03,p,2021,Sheep,y6,b2,n0,o0,t1,abun_frb
Ungrazed,45,3.806662512,0.920743004,6.708203932,p03,p,2022,Sheep,y7,b1,n0,o1,t0,abun_frb
Grazed,80,4.382026647,2.337537603,8.94427191,p03,p,2022,Sheep,y7,b1,n0,o1,t0,abun_frb
Ungrazed,7,1.945910292,-0.617491132,2.645751311,p04,p,2019,Goat,y4,b0,n1,o0,t0,abun_frb
Grazed,4,1.386294611,-0.738930669,2,p04,p,2019,Goat,y4,b0,n1,o0,t0,abun_frb
Ungrazed,2,0.693147681,-0.81989036,1.414213562,p04,p,2021,Sheep,y6,b2,n0,o0,t1,abun_frb
Grazed,1,1.00E-06,-0.860370206,1,p04,p,2021,Sheep,y6,b2,n0,o0,t1,abun_frb
Ungrazed,1,1.00E-06,-0.860370206,1,p04,p,2022,Sheep,y7,b1,n0,o1,t0,abun_frb
Grazed,4,1.386294611,-0.738930669,2,p04,p,2022,Sheep,y7,b1,n0,o1,t0,abun_frb
Ungrazed,1,1.00E-06,-0.860370206,1,p05,p,2019,Goat,y4,b0,n1,o0,t0,abun_frb
Grazed,11,2.397895364,-0.455571749,3.31662479,p05,p,2019,Goat,y4,b0,n1,o0,t0,abun_frb
Ungrazed,10,2.302585193,-0.496051595,3.16227766,p05,p,2021,Sheep,y6,b2,n0,o0,t1,abun_frb
Grazed,33,3.496507592,0.434984856,5.744562647,p05,p,2021,Sheep,y6,b2,n0,o0,t1,abun_frb
Ungrazed,8,2.079441667,-0.577011286,2.828427125,p05,p,2022,Sheep,y7,b1,n0,o1,t0,abun_frb
Grazed,37,3.61091794,0.596904239,6.08276253,p05,p,2022,Sheep,y7,b1,n0,o1,t0,abun_frb
Ungrazed,12,2.484906733,-0.415091903,3.464101615,p06,p,2019,Goat,y4,b0,n1,o0,t0,abun_frb
Grazed,2,0.693147681,-0.81989036,1.414213562,p06,p,2019,Goat,y4,b0,n1,o0,t0,abun_frb
Ungrazed,7,1.945910292,-0.617491132,2.645751311,p06,p,2021,Sheep,y6,b2,n0,o0,t1,abun_frb
Grazed,7,1.945910292,-0.617491132,2.645751311,p06,p,2021,Sheep,y6,b2,n0,o0,t1,abun_frb
Ungrazed,2,0.693147681,-0.81989036,1.414213562,p06,p,2022,Sheep,y7,b1,n0,o1,t0,abun_frb
Grazed,3,1.098612622,-0.779410514,1.732050808,p06,p,2022,Sheep,y7,b1,n0,o1,t0,abun_frb
Ungrazed,14,2.639057401,-0.334132212,3.741657387,p07,p,2019,Goat,y4,b0,n1,o0,t0,abun_frb
Grazed,9,2.197224688,-0.53653144,3,p07,p,2019,Goat,y4,b0,n1,o0,t0,abun_frb
Ungrazed,3,1.098612622,-0.779410514,1.732050808,p07,p,2021,Sheep,y6,b2,n0,o0,t1,abun_frb
Grazed,12,2.484906733,-0.415091903,3.464101615,p07,p,2021,Sheep,y6,b2,n0,o0,t1,abun_frb
Ungrazed,4,1.386294611,-0.738930669,2,p07,p,2022,Sheep,y7,b1,n0,o1,t0,abun_frb
Grazed,10,2.302585193,-0.496051595,3.16227766,p07,p,2022,Sheep,y7,b1,n0,o1,t0,abun_frb
Ungrazed,7,1.945910292,-0.617491132,2.645751311,p08,p,2019,Goat,y4,b0,n1,o0,t0,abun_frb
Grazed,9,2.197224688,-0.53653144,3,p08,p,2019,Goat,y4,b0,n1,o0,t0,abun_frb
Ungrazed,5,1.609438112,-0.698450823,2.236067977,p08,p,2021,Sheep,y6,b2,n0,o0,t1,abun_frb
Grazed,9,2.197224688,-0.53653144,3,p08,p,2021,Sheep,y6,b2,n0,o0,t1,abun_frb
Ungrazed,7,1.945910292,-0.617491132,2.645751311,p08,p,2022,Sheep,y7,b1,n0,o1,t0,abun_frb
Grazed,9,2.197224688,-0.53653144,3,p08,p,2022,Sheep,y7,b1,n0,o1,t0,abun_frb
Ungrazed,4,1.386294611,-0.738930669,2,p09,p,2019,Goat,y4,b0,n1,o0,t0,abun_frb
Grazed,5,1.609438112,-0.698450823,2.236067977,p09,p,2019,Goat,y4,b0,n1,o0,t0,abun_frb
Ungrazed,6,1.791759636,-0.657970977,2.449489743,p09,p,2021,Sheep,y6,b2,n0,o0,t1,abun_frb
Grazed,18,2.890371813,-0.172212829,4.242640687,p09,p,2021,Sheep,y6,b2,n0,o0,t1,abun_frb
Ungrazed,7,1.945910292,-0.617491132,2.645751311,p09,p,2022,Sheep,y7,b1,n0,o1,t0,abun_frb
Grazed,23,3.135494259,0.030186399,4.795831523,p09,p,2022,Sheep,y7,b1,n0,o1,t0,abun_frb
Ungrazed,4,1.386294611,-0.738930669,2,p10,p,2019,Goat,y4,b0,n1,o0,t0,abun_frb
Grazed,11,2.397895364,-0.455571749,3.31662479,p10,p,2019,Goat,y4,b0,n1,o0,t0,abun_frb
Ungrazed,6,1.791759636,-0.657970977,2.449489743,p10,p,2021,Sheep,y6,b2,n0,o0,t1,abun_frb
Grazed,17,2.833213403,-0.212692675,4.123105626,p10,p,2021,Sheep,y6,b2,n0,o0,t1,abun_frb
Ungrazed,6,1.791759636,-0.657970977,2.449489743,p10,p,2022,Sheep,y7,b1,n0,o1,t0,abun_frb
Grazed,6,1.791759636,-0.657970977,2.449489743,p10,p,2022,Sheep,y7,b1,n0,o1,t0,abun_frb
Ungrazed,9,2.197224688,-0.53653144,3,p11,p,2019,Goat,y4,b0,n1,o0,t0,abun_frb
Grazed,6,1.791759636,-0.657970977,2.449489743,p11,p,2019,Goat,y4,b0,n1,o0,t0,abun_frb
Ungrazed,26,3.258096576,0.151625936,5.099019514,p11,p,2021,Sheep,y6,b2,n0,o0,t1,abun_frb
Grazed,9,2.197224688,-0.53653144,3,p11,p,2021,Sheep,y6,b2,n0,o0,t1,abun_frb
Ungrazed,10,2.302585193,-0.496051595,3.16227766,p11,p,2022,Sheep,y7,b1,n0,o1,t0,abun_frb
Grazed,11,2.397895364,-0.455571749,3.31662479,p11,p,2022,Sheep,y7,b1,n0,o1,t0,abun_frb
Ungrazed,6,1.791759636,-0.657970977,2.449489743,p12,p,2019,Goat,y4,b0,n1,o0,t0,abun_frb
Grazed,53,3.970291932,1.244581769,7.280109889,p12,p,2019,Goat,y4,b0,n1,o0,t0,abun_frb
Ungrazed,74,4.304065107,2.094658529,8.602325267,p12,p,2021,Sheep,y6,b2,n0,o0,t1,abun_frb
Grazed,54,3.988984065,1.285061615,7.348469228,p12,p,2021,Sheep,y6,b2,n0,o0,t1,abun_frb
Ungrazed,31,3.433987237,0.354025165,5.567764363,p12,p,2022,Sheep,y7,b1,n0,o1,t0,abun_frb
Grazed,69,4.234106519,1.8922593,8.306623863,p12,p,2022,Sheep,y7,b1,n0,o1,t0,abun_frb
Ungrazed,10,2.302585193,-0.496051595,3.16227766,p13,p,2019,Goat,y4,b0,n1,o0,t0,abun_frb
Grazed,18,2.890371813,-0.172212829,4.242640687,p13,p,2019,Goat,y4,b0,n1,o0,t0,abun_frb
Ungrazed,27,3.295836903,0.192105782,5.196152423,p13,p,2021,Sheep,y6,b2,n0,o0,t1,abun_frb
Grazed,28,3.332204546,0.232585628,5.291502622,p13,p,2021,Sheep,y6,b2,n0,o0,t1,abun_frb
Ungrazed,51,3.931825652,1.163622078,7.141428429,p13,p,2022,Sheep,y7,b1,n0,o1,t0,abun_frb
Grazed,76,4.330733353,2.17561822,8.717797887,p13,p,2022,Sheep,y7,b1,n0,o1,t0,abun_frb
Ungrazed,2,0.693147681,-0.81989036,1.414213562,p14,p,2019,Goat,y4,b0,n1,o0,t0,abun_frb
Grazed,1,1.00E-06,-0.860370206,1,p14,p,2019,Goat,y4,b0,n1,o0,t0,abun_frb
Ungrazed,7,1.945910292,-0.617491132,2.645751311,p14,p,2021,Sheep,y6,b2,n0,o0,t1,abun_frb
Grazed,2,0.693147681,-0.81989036,1.414213562,p14,p,2021,Sheep,y6,b2,n0,o0,t1,abun_frb
Ungrazed,2,0.693147681,-0.81989036,1.414213562,p14,p,2022,Sheep,y7,b1,n0,o1,t0,abun_frb
Grazed,5,1.609438112,-0.698450823,2.236067977,p14,p,2022,Sheep,y7,b1,n0,o1,t0,abun_frb
Ungrazed,5,1.609438112,-0.698450823,2.236067977,p15,p,2019,Goat,y4,b0,n1,o0,t0,abun_frb
Grazed,67,4.204692634,1.811299609,8.185352772,p15,p,2019,Goat,y4,b0,n1,o0,t0,abun_frb
Ungrazed,48,3.871201032,1.042182541,6.92820323,p15,p,2021,Sheep,y6,b2,n0,o0,t1,abun_frb
Grazed,58,4.060443028,1.446980998,7.615773106,p15,p,2021,Sheep,y6,b2,n0,o0,t1,abun_frb
Ungrazed,79,4.369447865,2.297057757,8.888194417,p15,p,2022,Sheep,y7,b1,n0,o1,t0,abun_frb
Grazed,89,4.488636381,2.701856214,9.433981132,p15,p,2022,Sheep,y7,b1,n0,o1,t0,abun_frb
Ungrazed,1,1.00E-06,-0.860370206,1,p16,p,2019,Goat,y4,b0,n1,o0,t0,abun_frb
Grazed,38,3.637586186,0.637384084,6.164414003,p16,p,2019,Goat,y4,b0,n1,o0,t0,abun_frb
Ungrazed,2,0.693147681,-0.81989036,1.414213562,p16,p,2021,Sheep,y6,b2,n0,o0,t1,abun_frb
Grazed,26,3.258096576,0.151625936,5.099019514,p16,p,2021,Sheep,y6,b2,n0,o0,t1,abun_frb
Ungrazed,5,1.609438112,-0.698450823,2.236067977,p16,p,2022,Sheep,y7,b1,n0,o1,t0,abun_frb
Grazed,81,4.394449167,2.378017448,9,p16,p,2022,Sheep,y7,b1,n0,o1,t0,abun_frb
Ungrazed,3,1.098612622,-0.779410514,1.732050808,p17,p,2019,Goat,y4,b0,n1,o0,t0,abun_frb
Grazed,14,2.639057401,-0.334132212,3.741657387,p17,p,2019,Goat,y4,b0,n1,o0,t0,abun_frb
Ungrazed,5,1.609438112,-0.698450823,2.236067977,p17,p,2021,Sheep,y6,b2,n0,o0,t1,abun_frb
Grazed,18,2.890371813,-0.172212829,4.242640687,p17,p,2021,Sheep,y6,b2,n0,o0,t1,abun_frb
Ungrazed,6,1.791759636,-0.657970977,2.449489743,p17,p,2022,Sheep,y7,b1,n0,o1,t0,abun_frb
Grazed,18,2.890371813,-0.172212829,4.242640687,p17,p,2022,Sheep,y7,b1,n0,o1,t0,abun_frb
Ungrazed,7,1.945910292,-0.617491132,2.645751311,p18,p,2019,Goat,y4,b0,n1,o0,t0,abun_frb
Grazed,35,3.55534809,0.515944547,5.916079783,p18,p,2019,Goat,y4,b0,n1,o0,t0,abun_frb
Ungrazed,11,2.397895364,-0.455571749,3.31662479,p18,p,2021,Sheep,y6,b2,n0,o0,t1,abun_frb
Grazed,61,4.110873881,1.568420535,7.810249676,p18,p,2021,Sheep,y6,b2,n0,o0,t1,abun_frb
Ungrazed,11,2.397895364,-0.455571749,3.31662479,p18,p,2022,Sheep,y7,b1,n0,o1,t0,abun_frb
Grazed,87,4.46590813,2.620896522,9.327379053,p18,p,2022,Sheep,y7,b1,n0,o1,t0,abun_frb
Ungrazed,1,1.00E-06,-0.860370206,1,p19,p,2019,Goat,y4,b0,n1,o0,t0,abun_frb
Grazed,14,2.639057401,-0.334132212,3.741657387,p19,p,2019,Goat,y4,b0,n1,o0,t0,abun_frb
Ungrazed,2,0.693147681,-0.81989036,1.414213562,p19,p,2021,Sheep,y6,b2,n0,o0,t1,abun_frb
Grazed,27,3.295836903,0.192105782,5.196152423,p19,p,2021,Sheep,y6,b2,n0,o0,t1,abun_frb
Ungrazed,1,1.00E-06,-0.860370206,1,p19,p,2022,Sheep,y7,b1,n0,o1,t0,abun_frb
Grazed,7,1.945910292,-0.617491132,2.645751311,p19,p,2022,Sheep,y7,b1,n0,o1,t0,abun_frb
Ungrazed,1,1.00E-06,-0.860370206,1,p20,p,2019,Goat,y4,b0,n1,o0,t0,abun_frb
Grazed,10,2.302585193,-0.496051595,3.16227766,p20,p,2019,Goat,y4,b0,n1,o0,t0,abun_frb
Ungrazed,3,1.098612622,-0.779410514,1.732050808,p20,p,2021,Sheep,y6,b2,n0,o0,t1,abun_frb
Grazed,40,3.688879479,0.718343776,6.32455532,p20,p,2021,Sheep,y6,b2,n0,o0,t1,abun_frb
Ungrazed,7,1.945910292,-0.617491132,2.645751311,p20,p,2022,Sheep,y7,b1,n0,o1,t0,abun_frb
Grazed,59,4.077537461,1.487460843,7.681145748,p20,p,2022,Sheep,y7,b1,n0,o1,t0,abun_frb
Ungrazed,5,1.609438112,-0.698450823,2.236067977,p21,p,2019,Goat,y4,b0,n1,o0,t0,abun_frb
Grazed,4,1.386294611,-0.738930669,2,p21,p,2019,Goat,y4,b0,n1,o0,t0,abun_frb
Ungrazed,12,2.484906733,-0.415091903,3.464101615,p21,p,2021,Sheep,y6,b2,n0,o0,t1,abun_frb
Grazed,22,3.091042499,-0.010293446,4.69041576,p21,p,2021,Sheep,y6,b2,n0,o0,t1,abun_frb
Ungrazed,27,3.295836903,0.192105782,5.196152423,p21,p,2022,Sheep,y7,b1,n0,o1,t0,abun_frb
Grazed,10,2.302585193,-0.496051595,3.16227766,p21,p,2022,Sheep,y7,b1,n0,o1,t0,abun_frb
Ungrazed,11,2.397895364,-0.455571749,3.31662479,p22,p,2019,Goat,y4,b0,n1,o0,t0,abun_frb
Grazed,6,1.791759636,-0.657970977,2.449489743,p22,p,2019,Goat,y4,b0,n1,o0,t0,abun_frb
Ungrazed,6,1.791759636,-0.657970977,2.449489743,p22,p,2021,Sheep,y6,b2,n0,o0,t1,abun_frb
Grazed,11,2.397895364,-0.455571749,3.31662479,p22,p,2021,Sheep,y6,b2,n0,o0,t1,abun_frb
Ungrazed,15,2.708050268,-0.293652366,3.872983346,p22,p,2022,Sheep,y7,b1,n0,o1,t0,abun_frb
Grazed,11,2.397895364,-0.455571749,3.31662479,p22,p,2022,Sheep,y7,b1,n0,o1,t0,abun_frb
Ungrazed,10,2.302585193,-0.496051595,3.16227766,p23,p,2019,Goat,y4,b0,n1,o0,t0,abun_frb
Grazed,27,3.295836903,0.192105782,5.196152423,p23,p,2019,Goat,y4,b0,n1,o0,t0,abun_frb
Ungrazed,21,3.044522485,-0.050773292,4.582575695,p23,p,2021,Sheep,y6,b2,n0,o0,t1,abun_frb
Grazed,10,2.302585193,-0.496051595,3.16227766,p23,p,2021,Sheep,y6,b2,n0,o0,t1,abun_frb
Ungrazed,10,2.302585193,-0.496051595,3.16227766,p23,p,2022,Sheep,y7,b1,n0,o1,t0,abun_frb
Grazed,23,3.135494259,0.030186399,4.795831523,p23,p,2022,Sheep,y7,b1,n0,o1,t0,abun_frb
Ungrazed,1,1.00E-06,-0.860370206,1,p27,p,2019,Goat,y4,b0,n1,o0,t0,abun_frb
Grazed,2,0.693147681,-0.81989036,1.414213562,p27,p,2019,Goat,y4,b0,n1,o0,t0,abun_frb
Ungrazed,2,0.693147681,-0.81989036,1.414213562,p27,p,2021,Sheep,y6,b2,n0,o0,t1,abun_frb
Grazed,1,1.00E-06,-0.860370206,1,p27,p,2021,Sheep,y6,b2,n0,o0,t1,abun_frb
Ungrazed,16,2.772588785,-0.253172521,4,p28,p,2019,Goat,y4,b0,n1,o0,t0,abun_frb
Grazed,9,2.197224688,-0.53653144,3,p28,p,2019,Goat,y4,b0,n1,o0,t0,abun_frb
Ungrazed,5,1.609438112,-0.698450823,2.236067977,p28,p,2021,Sheep,y6,b2,n0,o0,t1,abun_frb
Grazed,8,2.079441667,-0.577011286,2.828427125,p28,p,2021,Sheep,y6,b2,n0,o0,t1,abun_frb
Ungrazed,12,2.484906733,-0.415091903,3.464101615,p28,p,2022,Sheep,y7,b1,n0,o1,t0,abun_frb
Grazed,7,1.945910292,-0.617491132,2.645751311,p28,p,2022,Sheep,y7,b1,n0,o1,t0,abun_frb
Ungrazed,1,1.00E-06,-0.860370206,1,p29,p,2019,Goat,y4,b0,n1,o0,t0,abun_frb
Grazed,12,2.484906733,-0.415091903,3.464101615,p29,p,2019,Goat,y4,b0,n1,o0,t0,abun_frb
Grazed,12,2.484906733,-0.415091903,3.464101615,p29,p,2021,Sheep,y6,b2,n0,o0,t1,abun_frb
Ungrazed,2,0.693147681,-0.81989036,1.414213562,p29,p,2022,Sheep,y7,b1,n0,o1,t0,abun_frb
Grazed,8,2.079441667,-0.577011286,2.828427125,p29,p,2022,Sheep,y7,b1,n0,o1,t0,abun_frb
Ungrazed,4,1.386294611,-0.738930669,2,p30,p,2019,Goat,y4,b0,n1,o0,t0,abun_frb
Grazed,5,1.609438112,-0.698450823,2.236067977,p30,p,2019,Goat,y4,b0,n1,o0,t0,abun_frb
Ungrazed,1,1.00E-06,-0.860370206,1,p30,p,2021,Sheep,y6,b2,n0,o0,t1,abun_frb
Grazed,4,1.386294611,-0.738930669,2,p30,p,2021,Sheep,y6,b2,n0,o0,t1,abun_frb
Ungrazed,2,0.693147681,-0.81989036,1.414213562,p30,p,2022,Sheep,y7,b1,n0,o1,t0,abun_frb
Grazed,3,1.098612622,-0.779410514,1.732050808,p30,p,2022,Sheep,y7,b1,n0,o1,t0,abun_frb
Ungrazed,15,2.708050268,-0.293652366,3.872983346,p31,p,2019,Goat,y4,b0,n1,o0,t0,abun_frb
Grazed,12,2.484906733,-0.415091903,3.464101615,p31,p,2019,Goat,y4,b0,n1,o0,t0,abun_frb
Ungrazed,58,4.060443028,1.446980998,7.615773106,p31,p,2022,Sheep,y7,b2,n0,o0,t1,abun_frb
Grazed,22,3.091042499,-0.010293446,4.69041576,p31,p,2022,Sheep,y7,b2,n0,o0,t1,abun_frb
Ungrazed,5,1.609438112,-0.698450823,2.236067977,p32,p,2020,Sheep,y5,b0,n1,o0,t0,abun_frb
Grazed,8,2.079441667,-0.577011286,2.828427125,p32,p,2020,Sheep,y5,b0,n1,o0,t0,abun_frb
Ungrazed,3,1.098612622,-0.779410514,1.732050808,p32,p,2021,Sheep,y6,b1,n0,o1,t0,abun_frb
Grazed,5,1.609438112,-0.698450823,2.236067977,p32,p,2021,Sheep,y6,b1,n0,o1,t0,abun_frb
Ungrazed,2,0.693147681,-0.81989036,1.414213562,p32,p,2022,Sheep,y7,b1,n0,o1,t0,abun_frb
Grazed,9,2.197224688,-0.53653144,3,p32,p,2022,Sheep,y7,b1,n0,o1,t0,abun_frb
Ungrazed,2,0.693147681,-0.81989036,1.414213562,p33,p,2020,Sheep,y5,b0,n1,o0,t0,abun_frb
Grazed,1,1.00E-06,-0.860370206,1,p33,p,2020,Sheep,y5,b0,n1,o0,t0,abun_frb
Ungrazed,4,1.386294611,-0.738930669,2,p33,p,2021,Sheep,y6,b1,n0,o1,t0,abun_frb
Grazed,1,1.00E-06,-0.860370206,1,p33,p,2021,Sheep,y6,b1,n0,o1,t0,abun_frb
Ungrazed,3,1.098612622,-0.779410514,1.732050808,p33,p,2022,Sheep,y7,b1,n0,o1,t0,abun_frb
Grazed,1,1.00E-06,-0.860370206,1,p33,p,2022,Sheep,y7,b1,n0,o1,t0,abun_frb
Ungrazed,4,1.386294611,-0.738930669,2,p34,p,2020,Sheep,y5,b0,n1,o0,t0,abun_frb
Grazed,5,1.609438112,-0.698450823,2.236067977,p34,p,2020,Sheep,y5,b0,n1,o0,t0,abun_frb
Ungrazed,4,1.386294611,-0.738930669,2,p34,p,2021,Sheep,y6,b1,n0,o1,t0,abun_frb
Grazed,14,2.639057401,-0.334132212,3.741657387,p34,p,2021,Sheep,y6,b1,n0,o1,t0,abun_frb
Ungrazed,5,1.609438112,-0.698450823,2.236067977,p34,p,2022,Sheep,y7,b1,n0,o1,t0,abun_frb
Grazed,11,2.397895364,-0.455571749,3.31662479,p34,p,2022,Sheep,y7,b1,n0,o1,t0,abun_frb
Ungrazed,40,3.688879479,0.718343776,6.32455532,p35,p,2020,Sheep,y5,b0,n1,o0,t0,abun_frb
Grazed,25,3.218875865,0.111146091,5,p35,p,2020,Sheep,y5,b0,n1,o0,t0,abun_frb
Ungrazed,15,2.708050268,-0.293652366,3.872983346,p35,p,2021,Sheep,y6,b1,n0,o1,t0,abun_frb
Grazed,38,3.637586186,0.637384084,6.164414003,p35,p,2021,Sheep,y6,b1,n0,o1,t0,abun_frb
Ungrazed,6,1.791759636,-0.657970977,2.449489743,p35,p,2022,Sheep,y7,b1,n0,o1,t0,abun_frb
Grazed,18,2.890371813,-0.172212829,4.242640687,p35,p,2022,Sheep,y7,b1,n0,o1,t0,abun_frb
Ungrazed,6,1.791759636,-0.657970977,2.449489743,p36,p,2020,Sheep,y5,b0,n1,o0,t0,abun_frb
Grazed,16,2.772588785,-0.253172521,4,p36,p,2020,Sheep,y5,b0,n1,o0,t0,abun_frb
Ungrazed,6,1.791759636,-0.657970977,2.449489743,p36,p,2021,Sheep,y6,b1,n0,o1,t0,abun_frb
Grazed,24,3.178053872,0.070666245,4.898979486,p36,p,2021,Sheep,y6,b1,n0,o1,t0,abun_frb
Ungrazed,20,2.995732324,-0.091253138,4.472135955,p36,p,2022,Sheep,y7,b1,n0,o1,t0,abun_frb
Grazed,51,3.931825652,1.163622078,7.141428429,p36,p,2022,Sheep,y7,b1,n0,o1,t0,abun_frb
Ungrazed,7,1.945910292,-0.617491132,2.645751311,p37,p,2020,Sheep,y5,b0,n1,o0,t0,abun_frb
Grazed,11,2.397895364,-0.455571749,3.31662479,p37,p,2020,Sheep,y5,b0,n1,o0,t0,abun_frb
Ungrazed,7,1.945910292,-0.617491132,2.645751311,p37,p,2021,Sheep,y6,b1,n0,o1,t0,abun_frb
Grazed,9,2.197224688,-0.53653144,3,p37,p,2021,Sheep,y6,b1,n0,o1,t0,abun_frb
Ungrazed,16,2.772588785,-0.253172521,4,p37,p,2022,Sheep,y7,b1,n0,o1,t0,abun_frb
Grazed,21,3.044522485,-0.050773292,4.582575695,p37,p,2022,Sheep,y7,b1,n0,o1,t0,abun_frb
Grazed,9,2.197224688,-0.53653144,3,p38,p,2020,Sheep,y5,b0,n1,o0,t0,abun_frb
Ungrazed,1,1.00E-06,-0.860370206,1,p38,p,2021,Sheep,y6,b1,n0,o1,t0,abun_frb
Grazed,10,2.302585193,-0.496051595,3.16227766,p38,p,2021,Sheep,y6,b1,n0,o1,t0,abun_frb
Ungrazed,1,1.00E-06,-0.860370206,1,p38,p,2022,Sheep,y7,b1,n0,o1,t0,abun_frb
Grazed,9,2.197224688,-0.53653144,3,p38,p,2022,Sheep,y7,b1,n0,o1,t0,abun_frb
Ungrazed,11,2.397895364,-0.455571749,3.31662479,p39,p,2020,Sheep,y5,b0,n1,o0,t0,abun_frb
Grazed,16,2.772588785,-0.253172521,4,p39,p,2020,Sheep,y5,b0,n1,o0,t0,abun_frb
Ungrazed,12,2.484906733,-0.415091903,3.464101615,p39,p,2021,Sheep,y6,b1,n0,o1,t0,abun_frb
Grazed,25,3.218875865,0.111146091,5,p39,p,2021,Sheep,y6,b1,n0,o1,t0,abun_frb
Ungrazed,12,2.484906733,-0.415091903,3.464101615,p39,p,2022,Sheep,y7,b1,n0,o1,t0,abun_frb
Grazed,9,2.197224688,-0.53653144,3,p39,p,2022,Sheep,y7,b1,n0,o1,t0,abun_frb
Ungrazed,2,0.693147681,-0.81989036,1.414213562,p41,p,2020,Sheep,y5,b0,n1,o0,t0,abun_frb
Grazed,9,2.197224688,-0.53653144,3,p41,p,2020,Sheep,y5,b0,n1,o0,t0,abun_frb
Ungrazed,2,0.693147681,-0.81989036,1.414213562,p41,p,2021,Sheep,y6,b1,n0,o1,t0,abun_frb
Grazed,9,2.197224688,-0.53653144,3,p41,p,2021,Sheep,y6,b1,n0,o1,t0,abun_frb
Ungrazed,2,0.693147681,-0.81989036,1.414213562,p41,p,2022,Sheep,y7,b1,n0,o1,t0,abun_frb
Grazed,9,2.197224688,-0.53653144,3,p41,p,2022,Sheep,y7,b1,n0,o1,t0,abun_frb
Ungrazed,7,1.945910292,-0.617491132,2.645751311,p42,p,2020,Sheep,y5,b0,n1,o0,t0,abun_frb
Grazed,1,1.00E-06,-0.860370206,1,p42,p,2020,Sheep,y5,b0,n1,o0,t0,abun_frb
Ungrazed,3,1.098612622,-0.779410514,1.732050808,p42,p,2021,Sheep,y6,b1,n0,o1,t0,abun_frb
Grazed,2,0.693147681,-0.81989036,1.414213562,p42,p,2021,Sheep,y6,b1,n0,o1,t0,abun_frb
Ungrazed,6,1.791759636,-0.657970977,2.449489743,p42,p,2022,Sheep,y7,b1,n0,o1,t0,abun_frb
Grazed,7,1.945910292,-0.617491132,2.645751311,p42,p,2022,Sheep,y7,b1,n0,o1,t0,abun_frb
Ungrazed,58,4.060443028,1.446980998,7.615773106,p43,p,2020,Sheep,y5,b0,n1,o0,t0,abun_frb
Grazed,46,3.828641418,0.96122285,6.782329983,p43,p,2020,Sheep,y5,b0,n1,o0,t0,abun_frb
Ungrazed,63,4.143134742,1.649380226,7.937253933,p43,p,2021,Sheep,y6,b1,n0,o1,t0,abun_frb
Grazed,54,3.988984065,1.285061615,7.348469228,p43,p,2021,Sheep,y6,b1,n0,o1,t0,abun_frb
Ungrazed,65,4.174387285,1.730339918,8.062257748,p43,p,2022,Sheep,y7,b1,n0,o1,t0,abun_frb
Grazed,85,4.442651268,2.539936831,9.219544457,p43,p,2022,Sheep,y7,b1,n0,o1,t0,abun_frb
Ungrazed,65,4.174387285,1.730339918,8.062257748,p44,p,2020,Sheep,y5,b0,n1,o0,t0,abun_frb
Grazed,92,4.521788588,2.823295751,9.591663047,p44,p,2020,Sheep,y5,b0,n1,o0,t0,abun_frb
Ungrazed,77,4.343805435,2.216098066,8.774964387,p44,p,2021,Sheep,y6,b1,n0,o1,t0,abun_frb
Grazed,89,4.488636381,2.701856214,9.433981132,p44,p,2021,Sheep,y6,b1,n0,o1,t0,abun_frb
Ungrazed,82,4.406719259,2.418497294,9.055385138,p44,p,2022,Sheep,y7,b1,n0,o1,t0,abun_frb
Grazed,82,4.406719259,2.418497294,9.055385138,p44,p,2022,Sheep,y7,b1,n0,o1,t0,abun_frb
Ungrazed,45,3.806662512,0.920743004,6.708203932,p45,p,2020,Sheep,y5,b0,n1,o0,t0,abun_frb
Grazed,104,4.644390909,3.309053899,10.19803903,p45,p,2020,Sheep,y5,b0,n1,o0,t0,abun_frb
Ungrazed,55,4.007333203,1.325541461,7.416198487,p45,p,2021,Sheep,y6,b1,n0,o1,t0,abun_frb
Grazed,63,4.143134742,1.649380226,7.937253933,p45,p,2021,Sheep,y6,b1,n0,o1,t0,abun_frb
Ungrazed,67,4.204692634,1.811299609,8.185352772,p45,p,2022,Sheep,y7,b1,n0,o1,t0,abun_frb
Grazed,83,4.41884062,2.45897714,9.110433579,p45,p,2022,Sheep,y7,b1,n0,o1,t0,abun_frb
Ungrazed,40,3.688879479,0.718343776,6.32455532,p46,p,2020,Sheep,y5,b0,n1,o0,t0,abun_frb
Grazed,49,3.891820319,1.082662387,7,p46,p,2020,Sheep,y5,b0,n1,o0,t0,abun_frb
Ungrazed,14,2.639057401,-0.334132212,3.741657387,p46,p,2021,Sheep,y6,b1,n0,o1,t0,abun_frb
Grazed,34,3.526360554,0.475464702,5.830951895,p46,p,2021,Sheep,y6,b1,n0,o1,t0,abun_frb
Ungrazed,9,2.197224688,-0.53653144,3,p46,p,2022,Sheep,y7,b1,n0,o1,t0,abun_frb
Grazed,56,4.025351709,1.366021306,7.483314774,p46,p,2022,Sheep,y7,b1,n0,o1,t0,abun_frb
Ungrazed,50,3.912023025,1.123142232,7.071067812,p47,p,2020,Sheep,y5,b0,n1,o0,t0,abun_frb
Grazed,41,3.713572091,0.758823621,6.403124237,p47,p,2020,Sheep,y5,b0,n1,o0,t0,abun_frb
Ungrazed,45,3.806662512,0.920743004,6.708203932,p47,p,2021,Sheep,y6,b1,n0,o1,t0,abun_frb
Grazed,43,3.761200139,0.839783313,6.557438524,p47,p,2021,Sheep,y6,b1,n0,o1,t0,abun_frb
Ungrazed,31,3.433987237,0.354025165,5.567764363,p47,p,2022,Sheep,y7,b1,n0,o1,t0,abun_frb
Grazed,47,3.850147623,1.001702695,6.8556546,p47,p,2022,Sheep,y7,b1,n0,o1,t0,abun_frb
Ungrazed,28,3.332204546,0.232585628,5.291502622,p48,p,2020,Sheep,y5,b0,n1,o0,t0,abun_frb
Grazed,87,4.46590813,2.620896522,9.327379053,p48,p,2020,Sheep,y5,b0,n1,o0,t0,abun_frb
Ungrazed,7,1.945910292,-0.617491132,2.645751311,p48,p,2021,Sheep,y6,b1,n0,o1,t0,abun_frb
Grazed,32,3.465735934,0.39450501,5.656854249,p48,p,2021,Sheep,y6,b1,n0,o1,t0,abun_frb
Ungrazed,10,2.302585193,-0.496051595,3.16227766,p48,p,2022,Sheep,y7,b1,n0,o1,t0,abun_frb
Grazed,78,4.35670884,2.256577911,8.831760866,p48,p,2022,Sheep,y7,b1,n0,o1,t0,abun_frb
Ungrazed,4,1.386294611,-0.738930669,2,425,w,2019,Goat,y4,b2,n0,o0,t1,abun_frb
Grazed,10,2.302585193,-0.496051595,3.16227766,425,w,2019,Goat,y4,b2,n0,o0,t1,abun_frb
Ungrazed,16,2.772588785,-0.253172521,4,425,w,2021,Sheep,y6,b2,n0,o0,t1,abun_frb
Grazed,12,2.484906733,-0.415091903,3.464101615,425,w,2021,Sheep,y6,b2,n0,o0,t1,abun_frb
Ungrazed,26,3.258096576,0.151625936,5.099019514,425,w,2022,Sheep,y7,b1,n0,o1,t0,abun_frb
Grazed,14,2.639057401,-0.334132212,3.741657387,425,w,2022,Sheep,y7,b1,n0,o1,t0,abun_frb
Ungrazed,21,3.044522485,-0.050773292,4.582575695,426,w,2019,Goat,y4,b2,n0,o0,t1,abun_frb
Grazed,15,2.708050268,-0.293652366,3.872983346,426,w,2019,Goat,y4,b2,n0,o0,t1,abun_frb
Ungrazed,73,4.290459455,2.054178683,8.544003745,426,w,2021,Sheep,y6,b2,n0,o0,t1,abun_frb
Grazed,70,4.248495256,1.932739146,8.366600265,426,w,2021,Sheep,y6,b2,n0,o0,t1,abun_frb
Ungrazed,59,4.077537461,1.487460843,7.681145748,426,w,2022,Sheep,y7,b1,n0,o1,t0,abun_frb
Grazed,63,4.143134742,1.649380226,7.937253933,426,w,2022,Sheep,y7,b1,n0,o1,t0,abun_frb
Ungrazed,10,2.302585193,-0.496051595,3.16227766,429,w,2019,Goat,y4,b2,n0,o0,t1,abun_frb
Grazed,22,3.091042499,-0.010293446,4.69041576,429,w,2019,Goat,y4,b2,n0,o0,t1,abun_frb
Ungrazed,20,2.995732324,-0.091253138,4.472135955,429,w,2021,Sheep,y6,b2,n0,o0,t1,abun_frb
Grazed,42,3.737669642,0.799303467,6.480740698,429,w,2021,Sheep,y6,b2,n0,o0,t1,abun_frb
Ungrazed,8,2.079441667,-0.577011286,2.828427125,429,w,2022,Sheep,y7,b1,n0,o1,t0,abun_frb
Grazed,46,3.828641418,0.96122285,6.782329983,429,w,2022,Sheep,y7,b1,n0,o1,t0,abun_frb
Ungrazed,44,3.784189657,0.880263158,6.633249581,431,w,2019,Goat,y4,b2,n0,o0,t1,abun_frb
Grazed,11,2.397895364,-0.455571749,3.31662479,431,w,2019,Goat,y4,b2,n0,o0,t1,abun_frb
Ungrazed,7,1.945910292,-0.617491132,2.645751311,431,w,2021,Sheep,y6,b2,n0,o0,t1,abun_frb
Grazed,11,2.397895364,-0.455571749,3.31662479,431,w,2021,Sheep,y6,b2,n0,o0,t1,abun_frb
Ungrazed,13,2.564949434,-0.374612058,3.605551275,431,w,2022,Sheep,y7,b1,n0,o1,t0,abun_frb
Grazed,41,3.713572091,0.758823621,6.403124237,431,w,2022,Sheep,y7,b1,n0,o1,t0,abun_frb
Ungrazed,3,1.098612622,-0.779410514,1.732050808,448,w,2019,Goat,y4,b2,n0,o0,t1,abun_frb
Grazed,18,2.890371813,-0.172212829,4.242640687,448,w,2019,Goat,y4,b2,n0,o0,t1,abun_frb
Ungrazed,2,0.693147681,-0.81989036,1.414213562,448,w,2021,Sheep,y6,b2,n0,o0,t1,abun_frb
Grazed,13,2.564949434,-0.374612058,3.605551275,448,w,2021,Sheep,y6,b2,n0,o0,t1,abun_frb
Ungrazed,6,1.791759636,-0.657970977,2.449489743,448,w,2022,Sheep,y7,b1,n0,o1,t0,abun_frb
Grazed,20,2.995732324,-0.091253138,4.472135955,448,w,2022,Sheep,y7,b1,n0,o1,t0,abun_frb
Ungrazed,7,1.945910292,-0.617491132,2.645751311,455,w,2019,Goat,y4,b2,n0,o0,t1,abun_frb
Grazed,12,2.484906733,-0.415091903,3.464101615,455,w,2019,Goat,y4,b2,n0,o0,t1,abun_frb
Ungrazed,3,1.098612622,-0.779410514,1.732050808,455,w,2020,Sheep,y5,b1,n0,o1,t0,abun_frb
Grazed,14,2.639057401,-0.334132212,3.741657387,455,w,2020,Sheep,y5,b1,n0,o1,t0,abun_frb
Ungrazed,3,1.098612622,-0.779410514,1.732050808,455,w,2021,Sheep,y6,b1,n0,o1,t0,abun_frb
Grazed,10,2.302585193,-0.496051595,3.16227766,455,w,2021,Sheep,y6,b1,n0,o1,t0,abun_frb
Ungrazed,3,1.098612622,-0.779410514,1.732050808,455,w,2022,Sheep,y7,b1,n0,o1,t0,abun_frb
Grazed,10,2.302585193,-0.496051595,3.16227766,455,w,2022,Sheep,y7,b1,n0,o1,t0,abun_frb
Ungrazed,3,1.098612622,-0.779410514,1.732050808,458,w,2019,Goat,y4,b1,n0,o1,t0,abun_frb
Grazed,60,4.094344579,1.527940689,7.745966692,458,w,2019,Goat,y4,b1,n0,o1,t0,abun_frb
Ungrazed,49,3.891820319,1.082662387,7,458,w,2020,Sheep,y5,b1,n0,o1,t0,abun_frb
Grazed,124,4.820281574,4.118650812,11.13552873,458,w,2020,Sheep,y5,b1,n0,o1,t0,abun_frb
Ungrazed,74,4.304065107,2.094658529,8.602325267,458,w,2021,Sheep,y6,b1,n0,o1,t0,abun_frb
Grazed,91,4.510859518,2.782815905,9.539392014,458,w,2021,Sheep,y6,b1,n0,o1,t0,abun_frb
Ungrazed,91,4.510859518,2.782815905,9.539392014,458,w,2022,Sheep,y7,b1,n0,o1,t0,abun_frb
Grazed,57,4.043051285,1.406501152,7.549834435,458,w,2022,Sheep,y7,b1,n0,o1,t0,abun_frb
Ungrazed,6,1.791759636,-0.657970977,2.449489743,459,w,2019,Goat,y4,b1,n0,o1,t0,abun_frb
Grazed,64,4.158883099,1.689860072,8,459,w,2019,Goat,y4,b1,n0,o1,t0,abun_frb
Ungrazed,20,2.995732324,-0.091253138,4.472135955,459,w,2020,Sheep,y5,b1,n0,o1,t0,abun_frb
Grazed,56,4.025351709,1.366021306,7.483314774,459,w,2020,Sheep,y5,b1,n0,o1,t0,abun_frb
Ungrazed,40,3.688879479,0.718343776,6.32455532,459,w,2021,Sheep,y6,b1,n0,o1,t0,abun_frb
Grazed,63,4.143134742,1.649380226,7.937253933,459,w,2021,Sheep,y6,b1,n0,o1,t0,abun_frb
Ungrazed,67,4.204692634,1.811299609,8.185352772,459,w,2022,Sheep,y7,b1,n0,o1,t0,abun_frb
Grazed,62,4.127134401,1.608900381,7.874007874,459,w,2022,Sheep,y7,b1,n0,o1,t0,abun_frb
Ungrazed,19,2.944439032,-0.131732983,4.358898944,460,w,2019,Goat,y4,b1,n0,o1,t0,abun_frb
Grazed,80,4.382026647,2.337537603,8.94427191,460,w,2019,Goat,y4,b1,n0,o1,t0,abun_frb
Ungrazed,10,2.302585193,-0.496051595,3.16227766,460,w,2020,Sheep,y5,b1,n0,o1,t0,abun_frb
Grazed,72,4.276666133,2.013698837,8.485281374,460,w,2020,Sheep,y5,b1,n0,o1,t0,abun_frb
Ungrazed,48,3.871201032,1.042182541,6.92820323,460,w,2021,Sheep,y6,b1,n0,o1,t0,abun_frb
Grazed,19,2.944439032,-0.131732983,4.358898944,460,w,2021,Sheep,y6,b1,n0,o1,t0,abun_frb
Ungrazed,41,3.713572091,0.758823621,6.403124237,460,w,2022,Sheep,y7,b1,n0,o1,t0,abun_frb
Grazed,37,3.61091794,0.596904239,6.08276253,460,w,2022,Sheep,y7,b1,n0,o1,t0,abun_frb
Ungrazed,4,1.386294611,-0.738930669,2,461,w,2019,Goat,y4,b1,n0,o1,t0,abun_frb
Grazed,5,1.609438112,-0.698450823,2.236067977,461,w,2019,Goat,y4,b1,n0,o1,t0,abun_frb
Ungrazed,4,1.386294611,-0.738930669,2,461,w,2020,Sheep,y5,b1,n0,o1,t0,abun_frb
Grazed,1,1.00E-06,-0.860370206,1,461,w,2020,Sheep,y5,b1,n0,o1,t0,abun_frb
Ungrazed,2,0.693147681,-0.81989036,1.414213562,461,w,2021,Sheep,y6,b1,n0,o1,t0,abun_frb
Grazed,3,1.098612622,-0.779410514,1.732050808,461,w,2021,Sheep,y6,b1,n0,o1,t0,abun_frb
Ungrazed,15,2.708050268,-0.293652366,3.872983346,464,w,2019,Goat,y4,b1,n0,o1,t0,abun_frb
Grazed,19,2.944439032,-0.131732983,4.358898944,464,w,2019,Goat,y4,b1,n0,o1,t0,abun_frb
Ungrazed,7,1.945910292,-0.617491132,2.645751311,464,w,2020,Sheep,y5,b1,n0,o1,t0,abun_frb
Grazed,31,3.433987237,0.354025165,5.567764363,464,w,2020,Sheep,y5,b1,n0,o1,t0,abun_frb
Ungrazed,7,1.945910292,-0.617491132,2.645751311,464,w,2021,Sheep,y6,b1,n0,o1,t0,abun_frb
Grazed,17,2.833213403,-0.212692675,4.123105626,464,w,2021,Sheep,y6,b1,n0,o1,t0,abun_frb
Ungrazed,7,1.945910292,-0.617491132,2.645751311,464,w,2022,Sheep,y7,b1,n0,o1,t0,abun_frb
Grazed,31,3.433987237,0.354025165,5.567764363,464,w,2022,Sheep,y7,b1,n0,o1,t0,abun_frb
Ungrazed,12,2.484906733,-0.415091903,3.464101615,469,w,2019,Goat,y4,b1,n0,o1,t0,abun_frb
Grazed,8,2.079441667,-0.577011286,2.828427125,469,w,2019,Goat,y4,b1,n0,o1,t0,abun_frb
Ungrazed,11,2.397895364,-0.455571749,3.31662479,469,w,2020,Sheep,y5,b1,n0,o1,t0,abun_frb
Grazed,13,2.564949434,-0.374612058,3.605551275,469,w,2020,Sheep,y5,b1,n0,o1,t0,abun_frb
Ungrazed,24,3.178053872,0.070666245,4.898979486,469,w,2021,Sheep,y6,b1,n0,o1,t0,abun_frb
Grazed,19,2.944439032,-0.131732983,4.358898944,469,w,2021,Sheep,y6,b1,n0,o1,t0,abun_frb
Ungrazed,47,3.850147623,1.001702695,6.8556546,469,w,2022,Sheep,y7,b1,n0,o1,t0,abun_frb
Grazed,65,4.174387285,1.730339918,8.062257748,469,w,2022,Sheep,y7,b1,n0,o1,t0,abun_frb
Ungrazed,0,-13.81551056,-0.900850051,0,p38,p,2020,Sheep,y5,b0,n1,o0,t0,abun_frb
Grazed,0,-13.81551056,-0.900850051,0,p40,p,2020,Sheep,y5,b0,n1,o0,t0,abun_frb
Ungrazed,0,-13.81551056,-0.900850051,0,p40,p,2020,Sheep,y5,b0,n1,o0,t0,abun_frb
Ungrazed,0,-13.81551056,-0.900850051,0,p29,p,2021,Sheep,y6,b2,n0,o0,t1,abun_frb
Grazed,0,-13.81551056,-0.900850051,0,p40,p,2021,Sheep,y6,b1,n0,o1,t0,abun_frb
Ungrazed,0,-13.81551056,-0.900850051,0,p40,p,2021,Sheep,y6,b1,n0,o1,t0,abun_frb
Grazed,0,-13.81551056,-0.900850051,0,p40,p,2022,Sheep,y7,b1,n0,o1,t0,abun_frb
Ungrazed,0,-13.81551056,-0.900850051,0,p40,p,2022,Sheep,y7,b1,n0,o1,t0,abun_frb